employee_id,name,email,department,designation,salary,date_of_joining
1,Dr. Jill Barnett,jenniferflores@edwards.biz,Sales,Business Development,110036.88,2024-05-27
2,Jacqueline Flowers MD,george73@herrera-owens.info,IT,Software Engineer,77056.41,2016-04-29
3,Michael Washington,richardsdawn@vasquez-parker.com,Operations,Procurement Specialist,90743.25,2024-01-09
4,Terry Suarez,fergusonheather@gmail.com,HR,Training Specialist,92856.75,2020-04-22
5,Joshua Haynes,lisa88@ortega.com,Finance,Financial Analyst,97609.5,2023-11-15
6,Joseph Clark,mcknightwilliam@riley.biz,HR,Recruiter,68077.91,2023-03-25
7,Frank Webb,charles80@kelley.info,Sales,Sales Executive,72650.73,2015-11-23
8,Robin Ramirez,qreese@yahoo.com,Sales,Sales Executive,115887.03,2020-01-01
9,Russell Martinez,othomas@grimes-rios.com,Marketing,Content Strategist,113610.28,2023-08-04
10,Tony May,imarshall@gmail.com,Marketing,Content Strategist,52249.79,2021-10-23
11,Rhonda Watkins,dawnballard@yahoo.com,Marketing,Marketing Manager,63651.06,2021-07-08
12,Brian Ware,hmerritt@erickson.info,Operations,Operations Manager,108534.69,2018-03-17
13,Heather Page,benjaminharris@hotmail.com,Sales,Sales Executive,103121.85,2019-10-12
14,Alyssa Reilly,christopher52@chapman-foster.biz,Sales,Account Manager,42984.78,2022-02-18
15,Victoria Mejia,qwong@hotmail.com,IT,Software Engineer,79349.56,2016-12-19
16,Stephanie Manning,basschristopher@gmail.com,Marketing,Marketing Manager,51296.33,2023-08-21
17,Brian Clark,ronaldhunt@miller.biz,Marketing,Content Strategist,117076.02,2020-09-20
18,Brenda Mitchell,gregory03@gmail.com,Marketing,SEO Specialist,114962.56,2019-09-15
19,Renee Miller,hayesmelissa@hotmail.com,Sales,Account Manager,61960.55,2018-09-18
20,Tina Smith,matthewmiller@gmail.com,IT,Data Scientist,56513.19,2020-01-28
21,Tamara Carlson,priley@clark.com,Operations,Procurement Specialist,52962.72,2021-01-30
22,Angel Hull MD,ybrown@pratt-vargas.org,Finance,Financial Analyst,79379.49,2021-10-10
23,Sean Adams,norrismichelle@wright.biz,Marketing,SEO Specialist,70462.13,2017-04-05
24,Deanna Golden,jamesernest@torres-hernandez.com,IT,Data Scientist,86930.19,2024-02-03
25,Gary Matthews,johnsonnicole@terry-martin.info,Marketing,Marketing Manager,98648.54,2018-08-17
26,Luis Dalton,salazarcourtney@russell.info,Operations,Logistics Coordinator,85733.56,2021-01-01
27,Amber Franklin,michael51@yahoo.com,IT,Data Scientist,69391.42,2024-05-16
28,Jennifer Jimenez,mccoyjohn@gmail.com,IT,Data Scientist,105801.7,2017-04-01
29,Lisa Garner,robertrobinson@gmail.com,Marketing,Marketing Manager,90791.83,2022-01-27
30,Travis Phillips,harristamara@yahoo.com,IT,Data Scientist,57051.96,2024-09-24
31,Scott Long,jessicagardner@williams.biz,HR,Recruiter,63317.42,2016-08-21
32,Randall Fischer,powellamanda@hotmail.com,HR,HR Manager,63967.25,2020-08-25
33,Daniel Herring,susansnyder@castaneda.com,Marketing,Marketing Manager,80496.69,2024-04-02
34,Adriana Bennett,jorgelivingston@hotmail.com,Sales,Account Manager,107085.23,2016-05-16
35,Natasha Garcia,austin29@wallace.com,Finance,Auditor,102387.81,2020-12-22
36,Derrick Stark,tprice@hotmail.com,Sales,Account Manager,86302.62,2018-12-26
37,Lauren Hall,moralesjose@smith-moore.info,Marketing,Marketing Manager,103817.68,2017-04-08
38,Victoria Henry,justinwilson@yahoo.com,Sales,Sales Executive,53496.5,2017-11-25
39,Barry Blair,brianjones@daniels.com,Operations,Operations Manager,61084.83,2020-02-10
40,Angela Gardner,david71@gmail.com,Operations,Logistics Coordinator,61553.93,2023-07-01
41,Noah Anderson,rachel21@hotmail.com,Finance,Financial Analyst,113394.98,2022-09-21
42,Rebecca Stewart,parkdavid@gmail.com,Sales,Account Manager,57180.61,2022-10-22
43,Carrie Wallace,richardandrews@clark.com,Sales,Business Development,87232.63,2022-12-06
44,Teresa Rodriguez,corey34@gmail.com,Marketing,SEO Specialist,109590.21,2024-02-17
45,Danielle Dillon,cpayne@johnson.net,IT,Data Scientist,92106.06,2022-12-17
46,Jennifer Miller,tracywest@harrison.info,IT,DevOps Engineer,104938.47,2023-09-11
47,Ryan Carrillo,xknight@gmail.com,Finance,Accountant,105178.88,2022-01-04
48,Jack Madden,michaeladams@gmail.com,Operations,Procurement Specialist,102399.99,2017-09-07
49,Terry Jackson,reesekayla@phillips.com,IT,Data Scientist,56892.35,2017-02-07
50,Joshua Reynolds,timothy85@hotmail.com,IT,Data Scientist,103249.9,2023-11-05
51,Shane Sanders,normanbenjamin@underwood.net,Marketing,Marketing Manager,78479.95,2018-04-03
52,Jill Galvan,baileyjones@hotmail.com,Marketing,Content Strategist,59802.94,2021-08-12
53,Rebecca Dunn,daniel81@callahan.info,Marketing,Marketing Manager,115241.95,2022-04-16
54,Emily Crawford MD,powersmichele@hotmail.com,HR,Recruiter,73656.4,2022-08-02
55,Tracy Marquez,williambutler@allen.org,IT,Data Scientist,102947.6,2022-12-31
56,Timothy Bonilla,sarah58@young.com,Sales,Business Development,66169.57,2020-01-30
57,Richard Garcia,carlsonscott@rodriguez.net,Sales,Business Development,93993.35,2015-03-19
58,Jenna Dixon,dyerwalter@clayton.com,IT,DevOps Engineer,96673.66,2020-03-10
59,Jennifer Greer,tracey89@yahoo.com,Operations,Logistics Coordinator,69412.08,2023-12-24
60,Megan Davis,chendricks@gmail.com,Finance,Accountant,103185.72,2021-09-19
61,Joseph Cole,powellvictoria@hotmail.com,Operations,Logistics Coordinator,98053.45,2024-11-22
62,Johnathan Brennan,mcguireryan@flores.com,IT,Data Scientist,89940.93,2019-04-27
63,Mr. Adam Kelley,jacob83@hotmail.com,IT,DevOps Engineer,48418.59,2020-12-23
64,Maria Sandoval,oliverheather@gmail.com,Marketing,Marketing Manager,57835.58,2020-05-28
65,Patricia Shelton,devinelliott@smith-marquez.com,HR,Training Specialist,72309.62,2019-06-18
66,Christopher Morales,jason49@gmail.com,Sales,Business Development,71319.77,2021-01-14
67,Fred Long,barbaracampbell@yahoo.com,Operations,Procurement Specialist,94623.53,2019-04-08
68,Cody Barnes,martha10@gmail.com,Operations,Operations Manager,86674.36,2023-07-28
69,Melinda Davila,davisjohn@gmail.com,Sales,Account Manager,91781.4,2015-05-30
70,Marie Brooks,lisa00@hotmail.com,Finance,Accountant,114270.32,2022-11-28
71,Shannon Andrews,vgoodwin@carter-bell.com,HR,Training Specialist,59393.39,2024-12-02
72,Amanda Henry,barbara52@smith-fox.org,Marketing,Marketing Manager,72934.47,2019-05-16
73,Theresa Bennett,hannajoseph@cruz.info,HR,Recruiter,76956.84,2023-05-09
74,Samantha Park,sonya31@gmail.com,Marketing,Content Strategist,47085.8,2022-07-27
75,Margaret Arias,donald40@nunez-smith.info,Operations,Operations Manager,118010.22,2016-10-04
76,Raven Love,gonzalezsara@graves.com,Sales,Business Development,112810.24,2015-04-14
77,Ashley Adams,harrissavannah@johnson-estrada.net,Operations,Operations Manager,78731.07,2019-06-20
78,Kelly Mccormick,kellykelly@mullins-lewis.com,HR,Training Specialist,117393.82,2017-03-01
79,Amy George,angela78@wilson.biz,Sales,Business Development,77005.64,2017-03-09
80,Sara Singh,susanwilcox@trevino.info,Marketing,Marketing Manager,60036.03,2022-08-31
81,Julian Watson,gibsonkelsey@gmail.com,HR,HR Manager,51525.6,2023-12-17
82,Joseph Norton,iparks@gmail.com,Finance,Accountant,112229.45,2021-09-09
83,Elizabeth Blake,donna51@gmail.com,Sales,Account Manager,95308.73,2016-07-01
84,Benjamin Atkins,tina74@yahoo.com,Operations,Logistics Coordinator,58251.84,2015-03-19
85,Jordan Dunn,jonathankey@thompson.com,Marketing,Content Strategist,99651.72,2025-02-01
86,Ashley Edwards,stephenwilliams@howard.com,HR,Training Specialist,57843.74,2015-08-22
87,Linda Brennan,mendozajason@ball-carson.biz,Sales,Sales Executive,81099.25,2018-03-08
88,Brandon Patel,carol33@cook-compton.com,Finance,Financial Analyst,115807.13,2018-09-16
89,Wesley Davis,sabrina09@yahoo.com,Finance,Financial Analyst,102298.4,2022-11-06
90,Jessica Fields,calderonbrittany@clark-jimenez.biz,IT,DevOps Engineer,105705.62,2015-10-28
91,Vanessa Powell,kmontes@rowe.com,HR,Recruiter,81289.24,2022-04-28
92,Alicia Stark,zcervantes@myers-hodges.com,Operations,Operations Manager,103753.77,2019-05-04
93,Bruce Williams,patricia44@yahoo.com,Marketing,Marketing Manager,83608.08,2024-07-13
94,Janice Salazar,jacobholmes@johnson-little.com,HR,Recruiter,119795.93,2020-03-19
95,James Shaw,lowekyle@burns.org,Marketing,Content Strategist,94246.11,2021-02-26
96,Sean Adams,virginiamedina@gmail.com,Sales,Account Manager,117090.47,2019-03-19
97,Jason Bond MD,shannon94@miller.com,Finance,Financial Analyst,107165.63,2019-10-15
98,Gabrielle Russell,castanedacheyenne@lopez.org,Finance,Auditor,116244.71,2018-01-22
99,Laura Kelley,jonesmitchell@liu.com,IT,DevOps Engineer,88952.51,2017-05-11
100,Diane Thompson,kellyharris@yahoo.com,Marketing,SEO Specialist,90947.87,2018-09-21
101,Vanessa Tucker,kjackson@hotmail.com,Sales,Sales Executive,43194.63,2025-02-17
102,Paul Murray,sean09@yahoo.com,Operations,Operations Manager,101387.35,2016-10-24
103,Keith Keller,sarahhampton@gmail.com,Finance,Accountant,52874.0,2021-09-05
104,Amanda Daniel,williamanderson@yahoo.com,IT,DevOps Engineer,113023.94,2018-05-16
105,Elizabeth Jones,mcclainjustin@gmail.com,HR,Training Specialist,105701.96,2023-02-09
106,Mr. Hunter Harrington,andrewwright@gmail.com,Finance,Financial Analyst,115177.38,2017-12-07
107,Nathaniel Knapp,heather10@blackwell.com,Operations,Procurement Specialist,50581.89,2023-02-16
108,Tara Harmon,vasquezjennifer@gonzalez.org,Finance,Accountant,75248.39,2022-12-26
109,Michelle Lee,longwilliam@yahoo.com,Operations,Operations Manager,49093.61,2018-10-31
110,Holly King,bakerlisa@yahoo.com,Finance,Financial Analyst,48507.64,2019-05-14
111,Jamie Smith,jacqueline77@hotmail.com,HR,HR Manager,48204.28,2016-04-27
112,Claire Hartman,roger50@gmail.com,Sales,Business Development,94795.27,2023-10-26
113,Amber Shepherd,havery@smith-stone.com,Finance,Auditor,109240.48,2021-08-02
114,Lisa Smith,harrisondebra@clark.com,Operations,Logistics Coordinator,72699.67,2021-07-05
115,Susan Green,rachelgates@hotmail.com,Sales,Account Manager,119980.78,2022-10-25
116,Nicole Hobbs,diazcaitlin@yahoo.com,Finance,Accountant,92053.19,2019-04-19
117,Gregory Johnson DDS,joshuamitchell@gmail.com,HR,Recruiter,63534.51,2023-07-06
118,Tracy Curtis,munozchristopher@yahoo.com,Sales,Business Development,63525.47,2024-04-26
119,Sean Berry,cassandra19@guzman.info,HR,Training Specialist,112757.57,2021-09-02
120,Tommy Wong,fthompson@carlson.com,Marketing,SEO Specialist,107349.55,2019-06-25
121,Larry Moran,suzanne56@anderson-ortega.com,Sales,Business Development,78253.56,2017-06-02
122,Timothy Pierce,david50@avery.com,Sales,Sales Executive,81695.22,2020-05-10
123,Cody Phillips,vanessa32@hotmail.com,IT,Software Engineer,75997.85,2017-02-05
124,Nicholas Harris,stanley60@gmail.com,Marketing,Marketing Manager,69479.03,2022-09-26
125,Lisa Moreno,pwilson@quinn.info,HR,Training Specialist,107782.21,2015-03-10
126,Lori Ramirez,brettsmith@yahoo.com,Finance,Accountant,61248.04,2015-03-08
127,Jennifer Dodson,xroach@hotmail.com,IT,Software Engineer,118573.24,2023-11-21
128,Heather Guzman,gjohnson@gmail.com,Finance,Accountant,118144.67,2020-09-06
129,Michael Sanchez,henry39@yahoo.com,IT,DevOps Engineer,97135.67,2017-06-08
130,Mitchell Morales,vmunoz@hotmail.com,Sales,Account Manager,117513.02,2020-06-25
131,Jeffrey Hampton,martinezmelissa@powell-cox.com,Operations,Procurement Specialist,96415.82,2015-04-04
132,Louis Krause,ernest19@cruz.com,HR,Training Specialist,90598.65,2016-10-01
133,Rhonda Williams,bsmith@yang-cook.com,Finance,Auditor,100710.66,2020-07-08
134,Kerry Davis MD,hoffmanjoshua@robles-thornton.com,Sales,Sales Executive,46138.01,2018-09-11
135,Russell Wiggins,rivaskimberly@gmail.com,Finance,Accountant,51440.22,2024-02-24
136,Jacqueline Peterson,sullivanlisa@hotmail.com,Sales,Account Manager,87915.47,2020-12-09
137,Candice Jordan,raymondkirby@sims.com,Marketing,Marketing Manager,116088.89,2016-04-13
138,Joseph Gonzalez,rbyrd@morris.com,Sales,Sales Executive,47529.41,2023-10-09
139,Sheena Powell,stevensrebecca@gmail.com,IT,DevOps Engineer,81369.27,2018-12-17
140,Stacey Garcia,campbellerin@gmail.com,Sales,Business Development,101511.95,2024-08-05
141,Amanda Pratt,birdmark@carr-neal.com,IT,Data Scientist,118674.42,2021-12-14
142,Mathew Ward,kenneth77@castaneda.com,Sales,Account Manager,40114.31,2015-11-12
143,Dr. Lisa Pena,vincent54@ramirez.net,Marketing,Content Strategist,93800.91,2018-03-21
144,Jacob Walker,arnoldjason@huff.com,Sales,Account Manager,41460.32,2016-07-29
145,James Hansen,mvasquez@yahoo.com,Sales,Sales Executive,67907.37,2024-08-21
146,Terry Gutierrez,andradeerica@hotmail.com,Operations,Procurement Specialist,103367.22,2020-04-24
147,Robert Smith,utorres@gmail.com,Operations,Procurement Specialist,72821.87,2022-01-20
148,Connie Richardson,matthewvelez@hotmail.com,Sales,Sales Executive,41210.98,2019-12-26
149,Dillon Smith,terry32@gmail.com,IT,DevOps Engineer,64522.08,2021-10-24
150,Jessica Berry,michaelsmith@barnes-powers.info,Operations,Procurement Specialist,60326.61,2017-11-27
151,Jeffrey Martinez,sandra81@anderson-wall.com,Finance,Accountant,100411.7,2020-07-09
152,Megan Meyer,helenramos@richardson.biz,Operations,Procurement Specialist,99846.72,2017-06-02
153,Teresa Moore,david79@gmail.com,Operations,Operations Manager,69846.72,2018-05-31
154,Randall Webster,xlee@snyder.net,Sales,Business Development,67706.9,2023-06-10
155,Samantha Coleman,erica14@gmail.com,Marketing,SEO Specialist,119264.49,2015-10-30
156,Shaun Johnson,shawn32@harmon-aguirre.org,Operations,Logistics Coordinator,83003.52,2017-08-12
157,Mr. Travis Webb,feliciasavage@lowe.com,Operations,Operations Manager,58255.47,2016-10-08
158,Jordan Drake,bushsamantha@bullock-smith.com,HR,Training Specialist,86412.89,2021-12-26
159,John Torres,kimberly81@hotmail.com,HR,HR Manager,52058.26,2018-05-21
160,Isaac Orr,brianlyons@yahoo.com,IT,Data Scientist,63961.77,2022-04-20
161,Jessica Morrison,shanelowe@pineda.com,HR,Training Specialist,110561.18,2024-06-14
162,Stephanie Parker,pstewart@hotmail.com,Operations,Logistics Coordinator,95400.61,2019-05-28
163,Kristen Crawford,elizabeth62@gmail.com,Marketing,Content Strategist,68500.29,2016-11-15
164,Fernando Green,jocelyn29@yahoo.com,HR,HR Manager,84153.03,2021-06-05
165,Margaret Jimenez,markbowen@smith.info,HR,Training Specialist,59664.96,2015-07-06
166,Anthony Perez,sconley@noble.net,Sales,Sales Executive,52332.84,2021-03-15
167,Kathryn Haney,swashington@cohen-gray.com,HR,Recruiter,110636.86,2022-07-16
168,Brett Martinez,anthonyjason@hawkins.com,HR,Training Specialist,115907.76,2021-12-21
169,Jason Welch,cmorse@gmail.com,Operations,Operations Manager,42350.63,2023-07-27
170,Arthur Stewart,joshuathompson@yahoo.com,Operations,Procurement Specialist,116633.68,2023-01-02
171,Jennifer Watts,allisonfrederick@phillips.net,Sales,Business Development,43617.43,2024-06-15
172,Kelly Lee,gloriareynolds@hotmail.com,Operations,Operations Manager,43255.62,2020-01-24
173,Amy Watson,billy44@castillo.org,Finance,Accountant,81589.03,2017-11-15
174,Olivia Hatfield,jessesandoval@hotmail.com,IT,DevOps Engineer,49853.98,2017-08-01
175,Samuel Ross,patrick62@castillo.com,IT,DevOps Engineer,50902.56,2024-08-03
176,Michael Thomas,jason73@reid-page.com,Finance,Financial Analyst,56108.67,2015-11-12
177,Henry Brooks,michael79@gmail.com,HR,HR Manager,97556.37,2019-07-21
178,Scott Mason MD,patricia47@werner.com,Operations,Logistics Coordinator,83751.49,2020-10-08
179,Tammy Garcia,austin61@hotmail.com,Operations,Procurement Specialist,76278.08,2023-09-05
180,Keith Cooper,kelli68@collins.com,IT,Software Engineer,49173.94,2023-10-09
181,Sherri Yu,vmitchell@hotmail.com,Sales,Account Manager,65869.43,2024-01-04
182,Jamie Lynch,brian30@erickson.com,Operations,Operations Manager,58240.78,2021-03-23
183,Michael Simmons,steeledakota@gmail.com,IT,DevOps Engineer,111008.24,2017-05-27
184,Natasha Mckee,olopez@hotmail.com,Marketing,Content Strategist,64761.26,2020-01-15
185,Danny Newton,iclark@yahoo.com,Operations,Logistics Coordinator,111765.24,2024-12-10
186,Andrew Moon,bmiles@yahoo.com,IT,Software Engineer,67347.22,2024-08-14
187,Amy Fitzgerald,spope@clay-sims.biz,HR,Recruiter,74309.42,2016-11-15
188,Paul Lewis,felicia04@smith-cuevas.com,Operations,Procurement Specialist,108347.61,2017-09-28
189,Jennifer Braun,chaley@rogers.net,Marketing,SEO Specialist,79891.41,2018-05-01
190,Kimberly Nguyen,james79@hotmail.com,Finance,Auditor,115330.08,2015-05-07
191,Albert White,uhouse@munoz.com,HR,Training Specialist,56346.94,2025-01-30
192,Suzanne Hardy,handerson@smith.info,Operations,Operations Manager,83951.08,2016-05-24
193,Michael Benjamin,lewiskevin@berry-rodriguez.com,HR,HR Manager,112764.36,2019-06-15
194,David Miller,kmontes@yahoo.com,Finance,Financial Analyst,98028.32,2017-08-08
195,Kimberly Owens,imcclain@hotmail.com,Operations,Operations Manager,106405.8,2016-06-12
196,Craig Hayes,ybarajas@hotmail.com,Finance,Accountant,44676.53,2024-10-07
197,Madison Cooper,bprice@gmail.com,Operations,Logistics Coordinator,62509.98,2019-06-30
198,Benjamin Lang,youngrachel@yahoo.com,IT,DevOps Engineer,80901.19,2017-10-21
199,April Lane,bentleyashley@gmail.com,HR,Training Specialist,60866.0,2019-08-03
200,Mario Li,lauren07@miller.org,IT,Software Engineer,57318.29,2022-03-15
201,Zachary Parks,mendozajohnny@yahoo.com,Operations,Logistics Coordinator,84135.55,2021-03-27
202,Amber Miller,qjohnson@yahoo.com,Sales,Business Development,100134.87,2016-07-30
203,Anna Lane,vickiealvarez@gmail.com,Marketing,Content Strategist,81626.71,2023-03-29
204,Jonathan Pearson,deannajackson@hotmail.com,HR,Recruiter,48270.02,2025-02-24
205,Gwendolyn Townsend,wchen@gmail.com,Finance,Auditor,116335.04,2019-03-04
206,James Taylor,lambdanielle@yahoo.com,Finance,Financial Analyst,64915.77,2024-12-17
207,Charles Henderson,lsmith@oconnor.info,IT,DevOps Engineer,114166.08,2018-02-14
208,Michael Richards,andrew97@brooks.info,Operations,Procurement Specialist,46109.6,2019-02-03
209,Gregory Reynolds Jr.,ihansen@williams.biz,IT,Data Scientist,81271.99,2022-12-16
210,Joshua Strickland,catherinestevens@flores.org,Marketing,SEO Specialist,41747.65,2021-01-18
211,Erika Thompson,thowell@hotmail.com,Operations,Operations Manager,110313.56,2016-06-18
212,Rachael Riley,kristineholder@brown-berry.org,Marketing,Marketing Manager,70467.22,2022-09-27
213,Victoria Medina,bturner@hotmail.com,Finance,Financial Analyst,40055.46,2018-10-27
214,Amy Young,joseph57@wilson-ayers.org,IT,DevOps Engineer,108694.35,2025-01-15
215,Beth Jones,linda42@smith.com,Marketing,Marketing Manager,90026.56,2016-05-09
216,Timothy Sanchez,hpena@hotmail.com,HR,HR Manager,119604.57,2016-08-02
217,Holly Harrison,daniellecampos@gmail.com,Finance,Accountant,49942.19,2024-08-08
218,Sarah Brewer,pphillips@caldwell-gill.biz,Sales,Business Development,74091.56,2016-05-26
219,Patricia Bray,carolyn22@patrick.com,Finance,Auditor,98739.15,2022-07-24
220,Nicole Carter,kaylee50@reynolds.com,HR,HR Manager,41803.9,2021-02-26
221,Sierra Hodge,dyoung@yahoo.com,Operations,Operations Manager,118989.12,2023-03-28
222,Sarah Drake,emiller@hotmail.com,HR,Training Specialist,102640.64,2020-12-08
223,Kathleen Hernandez,ronaldjacobs@gonzalez.com,Finance,Financial Analyst,75219.47,2022-11-02
224,Rhonda Price,molinavalerie@hotmail.com,HR,HR Manager,57253.91,2018-11-30
225,Robert Brown,blackcarolyn@malone-jenkins.org,Finance,Accountant,42322.6,2020-03-12
226,Andrea King,ricky92@woods.net,Operations,Logistics Coordinator,57368.63,2024-07-03
227,Chad Morales,melvin69@gmail.com,HR,HR Manager,114066.42,2021-01-19
228,Maureen Nichols,samantha09@obrien.com,Operations,Procurement Specialist,113432.27,2017-06-13
229,Cody Tucker,allencynthia@gmail.com,Marketing,SEO Specialist,57662.87,2025-02-22
230,Charles Hall,mary53@rodriguez-calderon.net,Finance,Auditor,109285.63,2022-12-15
231,Stephen Lee,stephensonchristine@liu.com,Operations,Procurement Specialist,110707.63,2020-05-06
232,Courtney Shelton,christianbecker@yahoo.com,Operations,Procurement Specialist,107339.96,2021-11-25
233,Stephanie Rodriguez,randerson@smith-duncan.org,HR,HR Manager,109573.47,2015-04-11
234,Karen Velazquez,sharris@gmail.com,Operations,Procurement Specialist,114557.58,2017-09-10
235,Brandon Johnson,michelledavidson@yahoo.com,Finance,Accountant,82533.53,2023-04-24
236,Marcus Padilla,jamesmorales@yahoo.com,Marketing,Content Strategist,70387.15,2016-08-01
237,Alexander Martin,catherine89@york-rodriguez.info,Operations,Procurement Specialist,96480.36,2018-06-16
238,Kevin Porter,kylewright@drake.com,Marketing,SEO Specialist,47451.03,2020-11-29
239,Derek Cooper,plee@costa-simon.com,Marketing,Content Strategist,43083.0,2021-08-03
240,Laurie Combs,mhicks@gmail.com,Operations,Procurement Specialist,66758.35,2022-09-14
241,Toni Chaney,richardnicole@hotmail.com,Sales,Business Development,63222.91,2015-09-08
242,Timothy Murray,houstonwilliam@wagner.com,Marketing,Marketing Manager,114664.46,2021-11-27
243,Cynthia Jackson,anthony90@hotmail.com,Sales,Business Development,96050.45,2019-03-25
244,William Hernandez,weeksstacey@yahoo.com,Operations,Procurement Specialist,60627.94,2020-02-17
245,Brandon Smith,dawn29@yahoo.com,IT,DevOps Engineer,54095.37,2020-02-08
246,Derek Johnson,heathergeorge@hotmail.com,Operations,Procurement Specialist,52439.95,2020-06-26
247,Brian Williams,gperez@rogers.com,IT,Data Scientist,95583.01,2020-09-28
248,David Taylor,pageduane@wilson-harrison.info,Operations,Procurement Specialist,103412.14,2020-05-05
249,Lindsay Wong,fishereric@hotmail.com,Finance,Accountant,96348.67,2018-12-31
250,Bradley Moore,qnelson@hotmail.com,Finance,Accountant,76396.16,2023-12-29
251,Rachel Rodriguez,connor05@yahoo.com,Operations,Procurement Specialist,104631.61,2024-08-28
252,Amanda Martin,kylegarrison@rodriguez.com,IT,Data Scientist,70390.94,2024-04-10
253,Nathan Stout,pflowers@yahoo.com,HR,Training Specialist,99881.04,2020-10-09
254,Theresa Good,monicawagner@stuart.com,HR,Training Specialist,91193.22,2019-06-25
255,Amy Burnett,snowderek@rodriguez-hernandez.com,Operations,Operations Manager,96240.49,2015-10-26
256,Oscar Wheeler,paulstone@yahoo.com,HR,HR Manager,114709.4,2017-07-09
257,Amy Livingston,luke79@pace.com,HR,Training Specialist,58838.44,2020-07-29
258,Elizabeth Watson,sonia07@martinez.com,Operations,Procurement Specialist,111489.4,2020-08-26
259,Frank Smith,dunlapkylie@hotmail.com,HR,Training Specialist,110670.56,2015-03-29
260,Noah Gonzales,tiffanyhoffman@yahoo.com,Operations,Procurement Specialist,67452.65,2019-12-12
261,Lisa Smith,phaas@wilson-taylor.org,Sales,Account Manager,42696.46,2015-04-27
262,Jeffrey Meyer,mitchelljennifer@gmail.com,Marketing,Marketing Manager,47141.43,2023-03-07
263,Tammy Campbell,garciaelizabeth@reed.biz,Marketing,SEO Specialist,100270.58,2023-09-30
264,Tonya Heath,normanphillip@gmail.com,IT,Data Scientist,100241.46,2018-04-20
265,Alicia Martin,mcleanjessica@ellis.com,Operations,Logistics Coordinator,46857.05,2023-12-16
266,Thomas Zuniga,fmatthews@hotmail.com,HR,Recruiter,92424.29,2022-07-14
267,Jennifer Romero,bendergabriel@yahoo.com,Sales,Sales Executive,113937.49,2016-01-12
268,Matthew Snyder,fpalmer@yahoo.com,IT,Data Scientist,49267.3,2016-08-21
269,Amanda Baker,bullockjoseph@anderson-tate.com,IT,Data Scientist,102110.66,2023-08-26
270,Joy Kennedy,patriciasmith@yahoo.com,Marketing,SEO Specialist,77506.68,2016-11-05
271,Haley Cantrell,jduncan@yahoo.com,Marketing,Content Strategist,85403.3,2024-10-27
272,Mrs. Kathleen Williams,ryan32@henry.com,Marketing,SEO Specialist,44855.71,2017-04-12
273,Ryan Rodriguez,hollyalvarez@lewis.com,Sales,Account Manager,75737.31,2020-06-07
274,Jonathan Marsh,beckymaynard@mercado.biz,Finance,Financial Analyst,107932.87,2022-08-19
275,Nancy Wright,rojasvickie@murray.com,Operations,Operations Manager,59785.6,2018-01-12
276,Janet Ortiz,jennifer65@rice.biz,Operations,Logistics Coordinator,70225.04,2021-08-29
277,Kevin Nguyen,phillipalexander@yahoo.com,Sales,Business Development,98074.1,2015-06-12
278,Angel Bennett,woodkrista@yang.org,IT,Data Scientist,54738.29,2015-05-11
279,Mason Mason,ricejimmy@franco.com,Sales,Sales Executive,101390.92,2016-12-01
280,Ryan Bowers,rodrigueztodd@gmail.com,Finance,Financial Analyst,86857.06,2015-07-25
281,Justin George,stonechristopher@gmail.com,IT,DevOps Engineer,70688.11,2017-12-24
282,Amanda Schmidt,watsonamy@yahoo.com,Marketing,Marketing Manager,111653.91,2019-09-05
283,James Gibson,davissusan@gmail.com,Operations,Operations Manager,97339.04,2021-03-08
284,Yvonne Reynolds,kruegerjoseph@hebert-graham.com,Marketing,SEO Specialist,71478.76,2020-02-05
285,Charles Mason,martinwilliam@yahoo.com,Marketing,Content Strategist,41758.67,2020-03-07
286,Michael Paul,ochapman@jarvis.com,Operations,Logistics Coordinator,81925.06,2017-05-30
287,Angela Newton,steelemichael@davis-cooper.com,Finance,Accountant,99158.52,2017-02-28
288,Hector Morgan,yadams@martin.com,HR,Training Specialist,98442.47,2017-04-03
289,Amy Mendez,adam76@yahoo.com,HR,Training Specialist,48682.3,2018-10-30
290,Sean Brown,shellysullivan@yahoo.com,HR,HR Manager,48546.71,2024-05-11
291,Jennifer Dominguez,littlebriana@gmail.com,Operations,Procurement Specialist,49337.84,2017-04-12
292,Susan Thompson,dawnstone@shelton-sandoval.biz,HR,HR Manager,114786.17,2019-07-14
293,Wesley Castro,knightanna@hotmail.com,IT,Data Scientist,56804.55,2019-10-24
294,Tammy Daniel,laurenharding@yahoo.com,Operations,Logistics Coordinator,104470.26,2022-02-03
295,Melissa Walters,ymurray@clark.com,HR,HR Manager,115380.48,2022-04-04
296,Jason Galvan,marysims@yahoo.com,Marketing,Content Strategist,59807.39,2021-10-16
297,Jennifer Cardenas,qturner@yahoo.com,HR,Recruiter,104429.49,2023-09-21
298,William Schmitt,kevinwilkins@gmail.com,Sales,Business Development,68430.16,2021-10-08
299,Martha Clark,williamsjane@rush.net,IT,Data Scientist,113980.08,2022-11-27
300,Mary Diaz,ashleyrice@yahoo.com,HR,HR Manager,95362.53,2018-07-19
301,Christine Mendez,nhess@gmail.com,Finance,Auditor,47334.11,2024-08-10
302,Brandon Phillips PhD,jdeleon@arroyo-kidd.biz,HR,Recruiter,90982.75,2022-08-09
303,James Edwards,thomas80@walton.com,Sales,Account Manager,99619.71,2017-04-21
304,Lori Rodriguez,donaldsalazar@anderson.com,Sales,Sales Executive,51110.56,2019-10-15
305,Evelyn Alexander,zdunn@morrison.com,IT,DevOps Engineer,70608.05,2024-02-16
306,Kimberly Sanders,christianmurphy@yahoo.com,Finance,Auditor,110332.69,2020-09-14
307,Sherry King,megancohen@gmail.com,Sales,Business Development,71312.44,2023-07-18
308,Jordan Martinez,hmcclain@gmail.com,IT,DevOps Engineer,60853.77,2019-03-07
309,Dale Roberts,tonyrowland@yahoo.com,Marketing,Marketing Manager,91487.69,2023-06-19
310,Shane White,williamsgregory@riggs-pace.net,Finance,Auditor,102578.7,2019-10-27
311,Robert Williams,ydougherty@novak-nguyen.com,IT,Software Engineer,90751.39,2018-04-28
312,Laurie Estes,diane65@gomez-kennedy.com,Sales,Sales Executive,83238.74,2015-10-07
313,Monica Perry,millsdakota@ryan.com,Operations,Operations Manager,78285.57,2017-03-28
314,Colleen Diaz,craig57@gonzalez.com,Operations,Logistics Coordinator,61890.06,2016-05-12
315,Robert Dixon,morgan26@johnson-boyd.biz,Sales,Business Development,47561.74,2019-06-20
316,William Davis,dbailey@gmail.com,Finance,Accountant,101018.97,2015-09-28
317,Paula Thomas,stanleyjill@ortiz.com,Operations,Logistics Coordinator,102776.8,2017-06-26
318,Samuel Sherman,markjames@hogan-lewis.com,HR,Recruiter,79745.59,2024-01-31
319,Jeffrey Gomez,lori90@phillips.com,Marketing,Marketing Manager,90945.57,2023-09-06
320,Edward Buck,susanmullins@hall.info,IT,Data Scientist,71240.79,2021-09-30
321,Jerry Thompson,russell49@gmail.com,IT,Data Scientist,82433.27,2015-10-03
322,Alan Jackson,brandonarmstrong@hotmail.com,Operations,Logistics Coordinator,48275.84,2016-10-05
323,Mark Harvey,darrellsoto@hotmail.com,Sales,Sales Executive,92353.14,2020-05-08
324,Shannon Kennedy,carol83@hotmail.com,Finance,Accountant,50685.87,2018-11-23
325,Ashley Andrews,danielreyes@martinez-knapp.com,HR,Training Specialist,70504.26,2024-07-26
326,John Mcdonald,kimberly99@malone.org,HR,Recruiter,106243.45,2019-09-08
327,Rebecca Santos,harpersheila@brown-wilson.com,Marketing,Content Strategist,65870.18,2017-12-03
328,Ann Hoover,jonathankelly@yahoo.com,Finance,Accountant,99890.91,2016-06-18
329,Dylan Casey,williamsjose@mccormick-bell.com,IT,DevOps Engineer,96491.38,2020-05-27
330,Wanda Banks,hectorwagner@yahoo.com,IT,DevOps Engineer,79498.13,2023-10-14
331,Donna Osborn,josephjones@hotmail.com,Sales,Business Development,49488.84,2023-03-15
332,Katherine Reyes,mcurry@yahoo.com,IT,DevOps Engineer,92610.22,2020-03-18
333,Gina Watkins,xkeller@townsend-huff.com,Marketing,SEO Specialist,54392.43,2016-10-19
334,Daniel Bryan,andrew13@yahoo.com,Operations,Procurement Specialist,64849.71,2023-03-10
335,Alyssa Johnson,millerrobert@alexander.com,Sales,Business Development,49826.71,2020-07-05
336,Shawn Chavez,donnavance@day.info,Operations,Logistics Coordinator,89090.41,2018-06-29
337,Natalie Mccoy,edwardsshannon@taylor-kennedy.org,Sales,Account Manager,90732.29,2024-12-17
338,Brian Patel,churchlucas@hotmail.com,HR,Training Specialist,58851.22,2019-01-21
339,Felicia King,johnpatel@davis.info,Finance,Auditor,84237.29,2019-09-15
340,David Nolan,michelegonzalez@sandoval-chambers.net,IT,DevOps Engineer,81819.83,2023-04-30
341,Jessica Patel,kathystevenson@yahoo.com,Operations,Procurement Specialist,94608.84,2024-05-08
342,Curtis Turner,melaniegardner@haynes-banks.com,Finance,Auditor,93533.47,2019-09-25
343,Whitney Dominguez,hilljohn@kidd-miller.com,Operations,Procurement Specialist,93225.17,2020-12-18
344,Charlene Carter,michaelmcconnell@hotmail.com,Sales,Account Manager,73796.0,2024-06-13
345,Jessica Peck,lynnbaker@richards-english.com,Sales,Sales Executive,58689.57,2022-09-08
346,Erik Flores,karen51@molina-davis.com,HR,Recruiter,47931.36,2017-04-15
347,Justin Miranda,perezjeffrey@hotmail.com,Marketing,Marketing Manager,113132.97,2019-04-30
348,Jessica Powell,ahumphrey@mendez.biz,HR,HR Manager,113814.86,2023-03-01
349,Brooke Reyes,juan77@lucas-thomas.com,Finance,Auditor,83905.99,2020-06-06
350,Tyler Ward,alison31@ruiz.com,HR,Training Specialist,45596.75,2022-09-28
351,Katherine Hansen,aperry@yahoo.com,Marketing,Marketing Manager,95438.29,2020-08-12
352,Lori Gonzalez,reedjennifer@gmail.com,HR,HR Manager,43619.94,2022-01-06
353,Daniel Choi,warnold@walker-best.net,HR,HR Manager,47011.63,2018-01-22
354,Anthony Smith,tylerwall@barry-green.com,Marketing,SEO Specialist,107095.83,2017-06-05
355,Diane Flores,matthewjacobs@joseph.com,Sales,Sales Executive,111971.62,2019-08-27
356,Laura Mcdaniel,daniel83@yahoo.com,IT,DevOps Engineer,65705.84,2023-03-30
357,Nicole Murphy,cameron74@hinton-rogers.net,Operations,Operations Manager,62915.38,2021-01-02
358,Angela Evans,katie86@gmail.com,Sales,Business Development,111853.93,2019-08-21
359,Stephen Brown,sharpjustin@james.com,Finance,Financial Analyst,56737.44,2016-10-20
360,Brian Meyer II,millertimothy@hotmail.com,Sales,Business Development,58991.89,2020-04-22
361,Amy Henderson,roberto63@yahoo.com,HR,Training Specialist,78698.11,2022-08-24
362,Christopher Dorsey,rramirez@colon.com,Finance,Accountant,95434.36,2020-02-21
363,Jeffrey Lee,bmiller@long-johnson.info,Operations,Logistics Coordinator,45377.94,2023-03-13
364,David Ho,david84@melendez.com,Sales,Sales Executive,90238.6,2016-10-11
365,James Roach,larry38@beck.com,Marketing,Marketing Manager,56009.87,2024-04-25
366,Shawn Johnson,johnnylam@rojas.com,IT,Data Scientist,69155.74,2019-07-08
367,Shannon Porter,richardmelanie@yahoo.com,HR,Recruiter,117129.58,2022-05-04
368,Teresa Garcia,btaylor@hotmail.com,Finance,Auditor,100231.28,2024-09-13
369,Andrew Mitchell,tylerberry@delgado-poole.com,Sales,Sales Executive,84713.71,2025-01-03
370,Thomas Sullivan,kaufmanmarcus@walsh.net,IT,Software Engineer,64805.84,2019-10-02
371,Joseph Kent,nwilliamson@diaz.com,Finance,Accountant,99335.7,2020-12-23
372,Regina Peters,tracylewis@crawford.org,IT,Data Scientist,75473.88,2024-04-03
373,Benjamin Boyd,douglasle@gmail.com,Marketing,Marketing Manager,98057.99,2020-11-11
374,Kelly Bass,leslieharris@fuentes.com,Marketing,SEO Specialist,93882.74,2015-10-01
375,Randy Boyer,johnsonvictor@yahoo.com,Sales,Business Development,54382.35,2022-07-07
376,David Lee,eddiewilliams@gmail.com,Finance,Financial Analyst,73993.98,2016-01-11
377,Angelica Scott,pagetimothy@hotmail.com,IT,DevOps Engineer,83213.09,2015-09-10
378,Kelly Jimenez,erikarobbins@hotmail.com,Operations,Logistics Coordinator,71946.05,2017-03-08
379,Mario Bush,katherineschultz@mason-hopkins.biz,Sales,Sales Executive,61215.34,2023-01-11
380,Amanda Brooks,bondvictoria@hotmail.com,Marketing,Content Strategist,57318.52,2017-01-31
381,Lynn Kelley,elainechan@koch-mcfarland.com,Marketing,Content Strategist,93890.7,2022-12-15
382,Shane Johns,qtownsend@jones.info,Sales,Sales Executive,51895.54,2016-10-29
383,Ms. Katherine Moore MD,qchase@thomas.com,Sales,Business Development,58233.58,2018-04-19
384,Carrie White,peter58@harrison.com,Finance,Financial Analyst,78051.17,2016-06-22
385,Mark James,xwhite@hotmail.com,HR,Recruiter,76419.35,2022-01-13
386,Stanley Ellis,michaellynch@gibson.info,Finance,Accountant,104746.2,2023-01-08
387,Olivia Malone,savagejennifer@gmail.com,Marketing,Marketing Manager,78153.23,2019-04-29
388,Larry Mcmahon,troy68@yahoo.com,Sales,Sales Executive,98708.5,2022-08-23
389,Billy Payne,robertpowers@jones.com,Finance,Auditor,44762.43,2016-12-26
390,Michael Austin,qkelly@hotmail.com,Marketing,Marketing Manager,85666.63,2022-06-30
391,Nancy Clark,gregorybenjamin@black.net,Operations,Operations Manager,46848.89,2023-05-02
392,Robert Cooper,christine10@hotmail.com,IT,Software Engineer,57725.21,2022-04-24
393,Kristin Rasmussen,moranashley@yahoo.com,Operations,Operations Manager,50073.59,2021-05-19
394,Dr. Douglas Wright,tuckerdavid@green.net,Operations,Procurement Specialist,71251.49,2019-09-19
395,Dawn George,carolbailey@young.net,HR,HR Manager,105771.57,2022-06-25
396,Kelly Everett,laura99@reyes-king.com,Operations,Procurement Specialist,99884.66,2016-10-09
397,Isabella Gay,tarabarnes@yahoo.com,Finance,Financial Analyst,47377.56,2023-08-16
398,Janet Ramirez,jacquelinedavis@gmail.com,Sales,Business Development,86312.65,2024-01-25
399,Jason Vasquez,arnoldlouis@yahoo.com,Sales,Business Development,41438.2,2016-02-26
400,Douglas Salinas,cheyennegonzalez@yahoo.com,Operations,Logistics Coordinator,79854.12,2020-07-21
401,Juan Ayala,crystal63@rocha.com,Sales,Account Manager,99455.91,2023-03-06
402,Darren Mann,rwilliams@hotmail.com,IT,Data Scientist,114652.76,2018-11-25
403,Logan Orozco,antonio77@yahoo.com,Sales,Sales Executive,86886.52,2018-06-22
404,Lawrence Black,smithallison@yahoo.com,Operations,Logistics Coordinator,49080.31,2021-06-03
405,Mark Payne,sbuckley@yahoo.com,HR,Recruiter,62855.27,2022-06-21
406,Kathleen Larson,rjohnson@hotmail.com,HR,HR Manager,102370.2,2022-08-13
407,Mary Dennis,breanna38@salinas.info,Operations,Operations Manager,40966.7,2024-11-08
408,Melanie Pittman MD,thomas01@johnson.biz,IT,Software Engineer,100325.67,2021-11-26
409,Terry Hernandez,maldonadowilliam@green-paul.biz,HR,HR Manager,60636.99,2024-05-06
410,Paul Johnson,samantha57@perez.com,Sales,Business Development,66153.99,2025-02-21
411,Victoria Johnson,woodardbrian@pacheco.biz,Finance,Auditor,103612.84,2017-07-31
412,Sean Torres,kholmes@gmail.com,Finance,Accountant,50118.4,2023-10-08
413,Amber Morrison,floresregina@yahoo.com,HR,Recruiter,66819.52,2021-09-13
414,Kevin Knight,jacksonjason@gardner-james.com,IT,DevOps Engineer,53940.13,2024-12-07
415,William Nash,ywashington@yahoo.com,IT,Software Engineer,63365.33,2017-05-10
416,Suzanne Hartman,wilsonjoshua@yahoo.com,Operations,Operations Manager,89158.63,2018-11-17
417,Jasmin Whitaker,donnagallagher@hotmail.com,Marketing,SEO Specialist,57156.41,2016-08-05
418,John Reed,justin00@gmail.com,Sales,Sales Executive,65197.02,2015-04-23
419,Richard Gill,bentleymegan@peterson.com,Marketing,SEO Specialist,46327.47,2016-12-20
420,Joshua Smith,anthonychen@smith.com,Sales,Account Manager,95956.83,2020-09-30
421,Amanda Henson,hawkinsmisty@hotmail.com,Operations,Operations Manager,42812.13,2016-02-28
422,Cynthia Powers,reginawilliams@thompson-vega.com,Sales,Account Manager,61151.31,2024-07-15
423,Jessica Jones,vanessa90@gamble.biz,IT,DevOps Engineer,92772.09,2017-03-24
424,Zachary Baker,fcline@cruz-shelton.net,IT,Data Scientist,46697.92,2022-12-28
425,Alexis Summers,gpreston@meyer.com,IT,DevOps Engineer,44030.88,2018-12-15
426,Alicia Potter,mollyrichards@watson.com,Finance,Accountant,42349.78,2019-09-21
427,Stephanie Lambert,davidflores@sloan.com,Operations,Procurement Specialist,119055.03,2019-03-22
428,Melissa Cole,amy10@gmail.com,Finance,Accountant,66122.1,2024-06-28
429,Eric Turner,ihawkins@yahoo.com,Sales,Account Manager,86817.73,2018-02-25
430,Nicole Rocha,saragrant@smith.biz,Finance,Financial Analyst,46931.4,2016-10-05
431,Clayton Parker,arusso@hotmail.com,IT,DevOps Engineer,106887.5,2023-12-13
432,Stephanie Cruz,cody90@boyd-davis.biz,Finance,Accountant,72409.11,2021-07-27
433,Lori Norris,juan26@brooks-butler.info,Finance,Auditor,56294.82,2017-06-11
434,Gary Gonzalez,solomondonna@gmail.com,Sales,Account Manager,108409.05,2020-03-03
435,Heather Miller,crodriguez@hotmail.com,Operations,Operations Manager,110788.93,2024-12-25
436,Erin Wood,edwardsronald@yahoo.com,IT,Software Engineer,71889.79,2020-12-14
437,Edgar Brady,jesseweber@gmail.com,Marketing,Marketing Manager,71858.85,2020-04-17
438,Alicia Dyer,lanejim@pineda.com,IT,DevOps Engineer,82907.81,2017-07-30
439,Megan Holland,keithpatrick@yahoo.com,Marketing,SEO Specialist,45570.5,2023-09-18
440,Christina Arellano,lawsonrobert@hotmail.com,Operations,Procurement Specialist,104546.89,2016-02-15
441,Mary Barnes,petermcgee@spencer.com,Sales,Business Development,93779.99,2021-01-07
442,Brandon Raymond,chrisgarcia@hall-malone.com,Operations,Procurement Specialist,115900.38,2024-11-21
443,Tamara Gentry,robertdunn@nguyen-lang.net,Finance,Auditor,98243.31,2021-11-23
444,Carly Smith,lisa20@freeman.com,HR,Training Specialist,64791.42,2022-02-02
445,John Moody,samanthahoward@jennings.com,Finance,Financial Analyst,91684.92,2020-07-02
446,Donna Hanna,watkinsjennifer@lee.info,HR,HR Manager,115015.58,2023-12-26
447,Angela Rodgers,shester@walker.info,Finance,Accountant,86651.75,2016-06-24
448,Barbara Hall,conleypam@lee.biz,Finance,Accountant,108071.14,2022-11-23
449,Stephanie Morgan,michelle92@jackson.com,HR,Recruiter,116029.45,2023-05-14
450,Kathleen Brown,cynthiawhitney@baker.net,HR,Recruiter,41599.53,2017-02-16
451,Kelsey Lucas,patricia66@hotmail.com,HR,HR Manager,62313.87,2016-04-01
452,Jerry Martinez,daniel47@anderson.com,Marketing,Marketing Manager,99557.59,2016-07-21
453,David Vasquez,jburns@hotmail.com,Operations,Procurement Specialist,52412.24,2020-11-14
454,Jenny Walls,crystalsalinas@yahoo.com,Finance,Financial Analyst,61332.74,2020-08-16
455,Clarence Carpenter,nealamanda@yahoo.com,HR,Recruiter,49208.1,2023-08-23
456,Kevin Castro,ryanjones@gmail.com,Operations,Operations Manager,42622.94,2021-10-30
457,Kirsten Garcia,lauren73@yahoo.com,Finance,Accountant,101517.35,2023-05-23
458,Daniel Palmer,lorischmidt@gmail.com,Finance,Accountant,101118.94,2021-03-28
459,William Peters,kirbysuzanne@spencer-duncan.info,Sales,Business Development,81528.37,2017-10-20
460,Jonathan Frost,powerscrystal@gmail.com,Finance,Financial Analyst,108698.2,2021-10-03
461,Jacqueline Caldwell,alexander27@hotmail.com,Finance,Auditor,114163.53,2018-04-01
462,Jacob Vargas,rachel84@calderon.biz,Marketing,Content Strategist,117292.36,2019-11-20
463,Eric King,gperez@gmail.com,Finance,Auditor,62303.98,2015-12-23
464,Mrs. Cheryl Richards,crosario@wright-curtis.biz,Finance,Financial Analyst,108605.68,2015-08-28
465,Lisa Williamson,gail90@weaver.com,Sales,Business Development,50804.71,2016-10-01
466,Sharon Daniels,garzamatthew@gmail.com,Sales,Account Manager,87719.31,2023-03-06
467,Lindsey Silva,nancy80@gmail.com,Marketing,SEO Specialist,113979.11,2021-11-10
468,Stephanie King,floresrachel@harvey.com,Operations,Logistics Coordinator,101112.36,2016-06-01
469,Kendra Rodriguez,sheryl85@parker.com,Operations,Operations Manager,62273.14,2023-11-23
470,Cheryl Peterson,llowe@robertson-perez.com,Operations,Logistics Coordinator,43112.48,2021-12-31
471,William Wilson,gonzalezlindsey@matthews-kane.biz,Sales,Business Development,63564.99,2021-03-09
472,Terry Perez PhD,sarahgutierrez@gmail.com,HR,Training Specialist,66532.71,2018-09-04
473,Valerie Jensen,zgonzalez@gmail.com,Finance,Accountant,119931.09,2023-03-23
474,Daniel Thomas,rharris@gmail.com,Operations,Procurement Specialist,84453.77,2018-10-09
475,Monica Manning,christiemiller@white.org,IT,Software Engineer,109348.8,2022-08-08
476,Kathleen Cox,christiandeleon@wilson.com,Operations,Procurement Specialist,108718.23,2022-10-06
477,Tamara Rodriguez,sean85@hotmail.com,Operations,Procurement Specialist,80373.31,2017-08-26
478,Phillip Harris MD,ybridges@jones-fisher.com,HR,HR Manager,107555.04,2024-02-13
479,Theresa Price,prichards@yahoo.com,Operations,Procurement Specialist,108287.1,2015-03-17
480,Katrina Hunt,carrietorres@alexander-jones.net,IT,Data Scientist,83623.96,2015-11-25
481,Emily Jackson,melanie98@hotmail.com,Finance,Financial Analyst,105185.61,2021-08-07
482,Carolyn Baker,paulkim@cervantes.com,HR,HR Manager,42693.94,2019-09-24
483,Brett Austin,buchananbrittany@gmail.com,IT,Data Scientist,115594.88,2022-10-27
484,Jim Smith,knorton@baker.com,Operations,Operations Manager,114678.92,2023-11-19
485,Mark Marsh,jbennett@gmail.com,Sales,Account Manager,47232.42,2021-02-17
486,Steven Daniel,deborahhill@phillips.com,HR,HR Manager,48258.11,2021-07-30
487,Brandon Clark,harrellhannah@clark.com,Marketing,Content Strategist,93840.37,2017-12-19
488,Catherine Fuller,aguilarmason@bennett-macdonald.com,Operations,Operations Manager,90013.95,2016-09-02
489,Lisa Bennett,anna84@miller.com,HR,Training Specialist,55825.0,2019-02-17
490,Janet Carey,bryantallison@harris.com,Operations,Operations Manager,59736.44,2020-06-15
491,Bonnie Brooks,karenavila@hotmail.com,Sales,Account Manager,69498.55,2015-03-14
492,Jesse Johnson,wphillips@gmail.com,HR,HR Manager,115797.7,2023-01-25
493,Aaron Smith,ukim@christensen.com,Finance,Financial Analyst,55030.05,2017-07-14
494,David Hanson,bmiller@alvarado.com,Operations,Procurement Specialist,81118.15,2018-08-12
495,Sarah Harvey,ftaylor@yahoo.com,Sales,Account Manager,81696.08,2021-05-12
496,Mary Roman,thomasjulia@lopez.biz,Marketing,Marketing Manager,85057.89,2023-02-15
497,Tina Spence,zgarza@harrell.com,IT,DevOps Engineer,106405.01,2016-07-19
498,Stephen Flores,ryan81@yahoo.com,Finance,Accountant,76266.16,2019-12-31
499,Teresa Stone,emily03@kelley.com,Finance,Auditor,115693.64,2022-07-29
500,Jessica Perry,rogerskyle@turner.com,Marketing,Marketing Manager,91177.35,2021-03-31
501,Keith Barker,jonathanruiz@yahoo.com,Sales,Business Development,62531.28,2016-05-10
502,Scott Mason,frederickle@yahoo.com,Operations,Operations Manager,103051.78,2018-11-19
503,Christopher Schwartz,amandawalters@schultz-butler.com,Finance,Auditor,79996.56,2020-09-26
504,Julie Tanner,alvarezbrenda@moore.biz,Marketing,Content Strategist,42322.96,2022-03-18
505,David Ortiz,jerry18@taylor.com,Sales,Business Development,56916.74,2018-12-15
506,Jennifer Miles,wdiaz@johnson.com,IT,Data Scientist,108167.12,2016-01-18
507,Gina Richards,michaelnixon@yahoo.com,Finance,Financial Analyst,80892.11,2023-08-01
508,Mr. Justin Hernandez,jennifer89@yahoo.com,Sales,Sales Executive,48912.25,2018-09-13
509,Tammy Mccormick,vargasrobert@jones.info,Sales,Account Manager,41346.77,2022-01-29
510,Richard Wood,ojohnson@mayo.com,Marketing,SEO Specialist,110797.42,2021-01-28
511,Patrick Proctor,newmancarlos@ochoa-stewart.com,Finance,Auditor,76163.54,2016-06-05
512,Courtney Hamilton,hlewis@smith.org,Marketing,Content Strategist,64980.71,2023-06-14
513,Jessica Thompson,alexandracoffey@humphrey.net,Sales,Account Manager,113490.14,2017-01-22
514,James Gutierrez,lisa72@gmail.com,Operations,Logistics Coordinator,55516.85,2015-03-16
515,Robert Green,matthewford@gmail.com,IT,Data Scientist,116266.97,2018-08-17
516,Pamela Smith,eugene29@hotmail.com,IT,DevOps Engineer,109620.43,2022-11-26
517,Danielle Green,zrich@myers-hill.com,HR,HR Manager,100248.1,2017-12-14
518,Michael Kent,jreynolds@martinez.com,HR,Recruiter,74799.68,2023-01-01
519,Kelly Smith,katierios@gmail.com,HR,Training Specialist,109560.52,2018-04-27
520,Logan Davenport,clinebrandon@king.info,Marketing,SEO Specialist,113291.92,2021-10-22
521,Ricky Lynn,nicolebuck@hotmail.com,IT,Data Scientist,97799.32,2019-05-12
522,Victoria Meyer,leekimberly@gmail.com,Finance,Auditor,52999.35,2017-09-21
523,Ana Vance,vgarcia@gmail.com,IT,DevOps Engineer,83624.15,2017-01-23
524,Cynthia Collins,douglas54@yahoo.com,Finance,Auditor,103677.1,2024-08-18
525,Aaron Gill,rwillis@hotmail.com,Marketing,SEO Specialist,90135.21,2021-12-05
526,Rebecca Avery,harringtonsandra@gmail.com,Operations,Operations Manager,59906.87,2019-12-12
527,Mr. Victor Barker,stephaniebradley@gonzalez-arellano.com,IT,DevOps Engineer,63309.82,2022-01-05
528,Tyler King,christianmoore@gmail.com,HR,Training Specialist,44898.71,2016-07-22
529,Zachary Reynolds,kortiz@gmail.com,Sales,Sales Executive,45554.03,2022-12-31
530,Sharon Bullock,kconley@nicholson.com,Marketing,Marketing Manager,92703.84,2021-09-14
531,Diane Clark,mramirez@estrada-pearson.com,Sales,Business Development,42479.53,2019-09-06
532,Suzanne Daniel,vschultz@gmail.com,Sales,Sales Executive,61328.56,2022-11-01
533,Tyler Hayes,jose47@yahoo.com,Operations,Logistics Coordinator,54515.65,2020-05-03
534,Valerie Clark,steven69@smith-howard.com,Marketing,SEO Specialist,69237.03,2024-07-01
535,Courtney Baldwin,kmaynard@garcia-wilson.com,Operations,Procurement Specialist,45643.78,2015-05-04
536,Angela Edwards,jamesbanks@yahoo.com,Marketing,SEO Specialist,116443.83,2015-09-20
537,Jaclyn Wilson,nstewart@yahoo.com,Sales,Business Development,45158.05,2021-12-09
538,Amy Rojas,richardjoshua@hotmail.com,Finance,Auditor,43406.5,2019-05-15
539,Holly Wagner,lauren64@gmail.com,IT,Software Engineer,74223.17,2022-07-03
540,Briana Davis,conniemiller@yahoo.com,IT,DevOps Engineer,94954.85,2020-10-08
541,Jocelyn Young,lreese@moore-potter.net,Sales,Sales Executive,63478.7,2023-03-05
542,Christian Nguyen,uwalls@hotmail.com,Sales,Account Manager,52662.11,2018-02-24
543,Elizabeth Alvarado,tommywest@warner-medina.com,Marketing,Marketing Manager,80471.38,2024-05-03
544,Deborah Johnson,robert57@gregory-bradshaw.com,Sales,Account Manager,73283.63,2019-07-29
545,Tyler Flores,ybenson@howell-beck.com,HR,HR Manager,55381.42,2021-04-14
546,John Ross,thomasstephens@gmail.com,Finance,Accountant,49422.63,2021-12-13
547,Monica Torres,sonya30@foster-griffin.info,Marketing,Marketing Manager,91492.33,2024-07-22
548,William Hartman,alexisgarcia@doyle.com,HR,Recruiter,61676.36,2023-04-19
549,Steven Ross,kimberly01@turner-jackson.biz,Operations,Logistics Coordinator,78857.33,2016-02-16
550,Matthew Wright,mhines@davis.com,HR,Recruiter,53359.29,2019-09-27
551,Brandon West,mnelson@yahoo.com,Marketing,Content Strategist,66912.54,2017-04-15
552,Tammy Hill,hughesjohn@paul-vaughn.com,HR,Training Specialist,52441.27,2022-01-29
553,Nathaniel Flores,zhansen@valencia.org,IT,Software Engineer,67573.81,2018-01-25
554,Julie Jones,ramosmelissa@yahoo.com,IT,Software Engineer,68048.11,2022-11-21
555,Brenda Gonzalez,qnorris@hotmail.com,Operations,Logistics Coordinator,97039.23,2017-06-12
556,Mary Logan,warddouglas@lynch.com,HR,Training Specialist,105162.28,2017-05-07
557,Anthony Bryant,hallalyssa@mitchell.com,HR,HR Manager,63340.19,2017-03-27
558,James Richardson,kvilla@white.com,IT,Data Scientist,86064.46,2021-05-10
559,Martin Chung,pcarter@blair.info,HR,Training Specialist,98236.55,2015-09-21
560,Michael Jones DDS,michael05@caldwell-williams.org,Marketing,SEO Specialist,75459.65,2022-08-28
561,Brian Hudson,tammy42@hotmail.com,Marketing,Content Strategist,70819.82,2016-09-02
562,Hayden Jackson,monicaallen@yahoo.com,Marketing,SEO Specialist,111116.79,2016-06-27
563,James Moore,vobrien@madden-martinez.com,Finance,Auditor,116677.91,2020-03-24
564,Heather Perry,kelseykirk@gmail.com,Operations,Logistics Coordinator,53200.4,2021-12-05
565,Mark Robbins,xjones@gmail.com,HR,Training Specialist,49293.84,2021-01-31
566,Wanda George,william66@yahoo.com,HR,Recruiter,43634.37,2019-03-02
567,Andre Lewis,mckenziekimberly@hotmail.com,HR,Training Specialist,92910.14,2022-02-11
568,Trevor Snyder,djones@hamilton.info,Finance,Accountant,49754.37,2018-09-25
569,John Hernandez,barrjason@hotmail.com,Finance,Financial Analyst,63741.1,2020-01-26
570,Jeffrey Smith,salazarkevin@garcia.net,Sales,Account Manager,43559.14,2020-01-01
571,Julia Cherry,jilliansutton@choi-brown.com,Finance,Accountant,42660.57,2024-07-31
572,Jeffrey Mcguire,berglaura@hotmail.com,IT,Software Engineer,91783.75,2016-03-06
573,Dylan Palmer,patelmario@yahoo.com,Marketing,SEO Specialist,80583.65,2017-06-22
574,Daniel Woods,normanamy@hotmail.com,HR,Training Specialist,98481.39,2016-09-14
575,Charles Brown,ericksonjacob@gmail.com,Finance,Auditor,110117.94,2019-10-19
576,Leah White,daltonbenjamin@paul.com,HR,HR Manager,93253.33,2019-05-17
577,Jared Shah,darryl16@oliver-miller.com,Marketing,Marketing Manager,118088.99,2024-03-18
578,Barbara Rowe,smithcarlos@anderson.net,HR,Training Specialist,78367.97,2021-02-25
579,Jessica Duarte,romanlynn@lopez-middleton.com,Operations,Logistics Coordinator,118853.58,2022-05-10
580,Gregory Smith,jasonbrown@gmail.com,Finance,Financial Analyst,114392.95,2021-01-12
581,Steven Patton,philip58@gmail.com,Finance,Auditor,101094.2,2023-08-15
582,Patrick Medina,jamie23@gmail.com,HR,HR Manager,82303.96,2018-12-30
583,Pamela Holland,jenniferguzman@harris.org,Finance,Auditor,102652.77,2020-02-06
584,Dustin Le,xmoses@sherman.biz,Operations,Procurement Specialist,117594.27,2019-01-30
585,Alison Smith,uklein@gmail.com,Sales,Sales Executive,98190.09,2016-05-27
586,Mr. Jorge Ferrell,emily03@simmons-johnson.org,HR,Training Specialist,79988.96,2015-05-31
587,Mrs. Susan Hill,tiffanysmith@gmail.com,Sales,Sales Executive,73509.92,2017-01-10
588,Laura Reid,eskinner@yahoo.com,Operations,Operations Manager,52109.32,2020-09-27
589,Douglas Nelson,cameron31@gmail.com,Marketing,Content Strategist,119267.56,2020-09-11
590,Ryan Smith,michaelvasquez@watson-campbell.com,HR,Recruiter,93570.92,2022-08-01
591,Michael Vasquez,melendezmichael@ayala.com,IT,DevOps Engineer,52945.36,2018-08-21
592,Jonathan Vasquez,rduffy@hotmail.com,HR,Recruiter,49270.46,2017-09-13
593,Kimberly Mendez,eric30@woods.com,IT,DevOps Engineer,74930.8,2015-06-11
594,Elizabeth Ewing,michaelcardenas@gmail.com,Operations,Operations Manager,105185.25,2023-03-22
595,Arthur Patrick,charles62@hotmail.com,HR,Training Specialist,115177.82,2021-04-14
596,Erica Martinez,julia04@singleton-adams.com,Operations,Operations Manager,114107.39,2017-06-05
597,Troy Barrett,gary37@turner.com,Operations,Logistics Coordinator,65538.75,2023-09-17
598,Lisa Lopez,johnsonchristina@bryant-waters.biz,Marketing,Marketing Manager,94892.18,2017-11-26
599,James Thompson,hancockpamela@gates-brady.org,HR,Recruiter,66890.93,2022-10-09
600,Jerome Bell,gallegossandra@banks.com,Finance,Financial Analyst,56786.25,2015-11-12
601,Joseph Miller,adamsjeffery@mcgee.com,IT,DevOps Engineer,54103.08,2018-02-03
602,Pamela Haas,matthewscarl@watkins-thompson.com,Operations,Operations Manager,44478.56,2017-12-22
603,Brandon Nguyen,josephlam@meyer-stone.com,Sales,Business Development,46260.09,2020-12-31
604,Jennifer Sanchez,marshjeffrey@gmail.com,Operations,Logistics Coordinator,93450.54,2017-06-12
605,Dr. Susan Wells,christopherrobinson@rogers.biz,Marketing,Content Strategist,77038.99,2023-03-31
606,Samuel Sheppard,ytucker@gmail.com,HR,HR Manager,68307.74,2017-06-22
607,Amanda Blair,hughesjulie@brewer-hicks.org,IT,Data Scientist,42507.79,2024-03-21
608,Jason Anderson,angelicawong@gmail.com,Finance,Financial Analyst,110938.96,2016-10-13
609,Elizabeth Huff,nsmith@avila-garcia.com,IT,Data Scientist,47064.29,2022-10-06
610,Ashley May,cynthia66@johnston-medina.com,Finance,Accountant,109166.32,2017-03-13
611,Kimberly Alexander,jasminediaz@wilson.com,Finance,Financial Analyst,51177.16,2023-12-14
612,Joseph Gonzalez,salazarkeith@rowland.com,Marketing,SEO Specialist,106547.05,2016-10-10
613,Joseph Taylor,iancoleman@ingram.com,IT,Software Engineer,55706.37,2025-01-20
614,Sean Clark,acannon@moore.biz,HR,HR Manager,41660.4,2017-10-04
615,Brittany Brown,acostakaren@yahoo.com,Marketing,SEO Specialist,118235.03,2021-01-24
616,Alexandria Obrien,brianlucas@thompson-ortiz.com,Operations,Operations Manager,44815.35,2023-10-07
617,David Mullen,samuel83@stanton-munoz.net,Operations,Procurement Specialist,72810.59,2015-04-18
618,Robert Lewis,katherineduncan@gmail.com,IT,DevOps Engineer,100004.52,2023-11-18
619,Michael Humphrey,michaelpratt@gmail.com,Sales,Business Development,46011.36,2018-02-10
620,Allen Pineda,crawfordshelly@gmail.com,Marketing,Marketing Manager,77068.53,2015-06-23
621,Kevin Hess,nguyensharon@whitaker.net,IT,Software Engineer,52558.32,2018-11-30
622,Michele Adkins,lonniemunoz@yahoo.com,Operations,Procurement Specialist,109685.86,2021-04-10
623,Amber Bryan,boneill@hotmail.com,IT,Software Engineer,102654.51,2022-04-20
624,Christine Turner,nclark@thomas.info,Finance,Auditor,85866.26,2018-10-25
625,Stephanie Sanchez,katherinelewis@hotmail.com,HR,Recruiter,62645.61,2018-08-07
626,Ryan Brock,tuckermichael@king.com,Finance,Auditor,116418.96,2017-04-14
627,Debra Johnson,nancy59@hotmail.com,Operations,Procurement Specialist,105519.9,2019-06-07
628,Melissa Shannon,wbailey@garcia-castaneda.info,Sales,Account Manager,106088.01,2021-03-17
629,David Zuniga,sara01@simmons.com,Finance,Auditor,58323.69,2016-09-14
630,John Jimenez,genefowler@johnson-oconnor.com,Sales,Account Manager,71741.66,2024-03-25
631,Douglas Barry,steven68@gmail.com,IT,DevOps Engineer,117740.6,2024-07-19
632,Kimberly Davis,jeremy13@hotmail.com,Sales,Business Development,87912.79,2018-01-10
633,Joseph Woods,eric81@hotmail.com,Marketing,Marketing Manager,70314.04,2015-06-12
634,Lisa Jackson,lbrown@bryant-lawrence.biz,HR,Recruiter,119394.77,2016-12-01
635,Nichole Martinez,chobbs@baker.net,Sales,Account Manager,57933.68,2018-04-20
636,Douglas Mccormick,avilakimberly@hotmail.com,Marketing,SEO Specialist,83689.31,2016-08-20
637,Erik Berg,richardsonjoseph@gmail.com,Finance,Financial Analyst,107626.92,2020-08-24
638,Nathan Cox,xaguirre@hotmail.com,Finance,Auditor,99407.33,2023-02-26
639,Darius Patterson,brownandrew@gmail.com,Marketing,Content Strategist,70049.41,2023-10-18
640,Sherry Nelson,andrewibarra@yahoo.com,Operations,Procurement Specialist,55058.09,2022-05-20
641,Christopher Hopkins,jonathanmatthews@fox.biz,Finance,Financial Analyst,80088.07,2017-01-24
642,Mallory Bell,stacy46@powell-rodriguez.info,IT,Software Engineer,108453.54,2020-01-23
643,Marie Sharp,iwagner@yahoo.com,Finance,Accountant,74484.75,2017-04-15
644,Cody Graham,qschmitt@gmail.com,IT,Data Scientist,100333.22,2021-05-24
645,Grace Thompson,ebradley@rogers.org,HR,Recruiter,53504.1,2018-12-25
646,Patrick Campbell,jessecarrillo@hotmail.com,IT,DevOps Engineer,54175.4,2024-04-24
647,Stephanie Hutchinson,obender@hotmail.com,IT,Software Engineer,62745.77,2021-07-23
648,John Morse,anthonynguyen@gmail.com,Operations,Logistics Coordinator,54279.44,2022-04-11
649,Jessica Gutierrez,jfranco@hotmail.com,IT,Data Scientist,55186.53,2018-01-06
650,Eric Hall,ubrown@bond-robinson.com,Sales,Sales Executive,45147.85,2017-11-23
651,Gregory Carr,walkerlauren@garza.com,Operations,Logistics Coordinator,48494.91,2023-07-21
652,Sean Allison,christopherbutler@hotmail.com,IT,Software Engineer,118327.76,2018-10-01
653,Tiffany Smith,lyonsrichard@fuentes.com,Operations,Logistics Coordinator,58069.69,2022-07-08
654,Gary Bowers,hernandezsteven@gmail.com,Marketing,Marketing Manager,81003.58,2023-08-25
655,Donna Carson,jason70@yahoo.com,Finance,Accountant,49786.95,2023-01-14
656,Robert Hughes,harpershawn@trevino.com,Operations,Operations Manager,60112.22,2017-05-17
657,Dr. Reginald Watts,marylandry@gmail.com,Operations,Procurement Specialist,98374.98,2021-03-21
658,Anne West,anne10@gmail.com,IT,DevOps Engineer,104526.37,2016-02-19
659,Paul Martin DDS,amandathomas@johnson.com,HR,Training Specialist,40601.9,2020-05-27
660,Charles Barton,patriciawatson@baxter.net,IT,DevOps Engineer,101554.43,2024-12-14
661,Jessica Armstrong,steve85@elliott.org,Marketing,Content Strategist,98164.7,2022-04-22
662,Rebecca Thomas,vjackson@burke.biz,IT,DevOps Engineer,60949.15,2019-09-22
663,Amy Payne,oyu@jones-allen.com,Finance,Accountant,78279.06,2016-03-06
664,Thomas Anderson,jenniferpaul@williams.biz,HR,HR Manager,98991.71,2016-08-07
665,Jennifer Nixon,scott29@weaver-scott.org,Marketing,Marketing Manager,90765.33,2024-12-26
666,Robert Gutierrez,twhite@martin-paul.info,Marketing,Marketing Manager,46703.62,2024-05-02
667,Hannah Jackson,victoriaburke@cook.com,Operations,Procurement Specialist,59233.47,2016-11-04
668,Monica Jones,eharris@hotmail.com,IT,Software Engineer,73866.52,2022-10-27
669,Morgan Sanchez,debrazimmerman@hotmail.com,Finance,Auditor,94066.86,2020-09-25
670,Ethan Marks,jeffreythompson@gmail.com,Sales,Business Development,61075.14,2022-06-09
671,Thomas James,donnawright@yahoo.com,Finance,Accountant,70327.32,2021-10-15
672,Amy Caldwell,gutierrezeric@yahoo.com,Finance,Accountant,98505.62,2021-06-12
673,Monique Stevens,khardy@juarez.com,Operations,Operations Manager,60072.85,2019-12-17
674,Justin Howe,christopherpierce@yahoo.com,Finance,Auditor,72135.19,2020-10-28
675,Clinton Taylor,davidsonrobert@yahoo.com,Finance,Accountant,52995.54,2016-08-14
676,Gina Conley,theresa32@strickland.biz,HR,HR Manager,51320.07,2023-10-18
677,Robert Flores,ricky19@gmail.com,Sales,Account Manager,74511.45,2016-12-28
678,Teresa Wells,mrivera@huber.org,IT,Software Engineer,115443.55,2017-01-25
679,Jennifer Hicks,tommystanton@hickman-mueller.org,Marketing,Content Strategist,98226.25,2019-10-19
680,Ashley Phelps,wongjoshua@armstrong.biz,Finance,Financial Analyst,114797.1,2022-12-29
681,Anita Weiss,frank32@hotmail.com,Operations,Operations Manager,116693.23,2023-11-29
682,Isaac Hess,jamesmartin@hotmail.com,IT,DevOps Engineer,49052.5,2021-04-30
683,Eric Moore,jennifer20@yahoo.com,Operations,Procurement Specialist,84656.27,2022-03-10
684,Martin Johnson,hooverjasmine@carlson-berry.org,HR,HR Manager,58253.19,2020-09-10
685,Richard House,scott37@case.com,HR,HR Manager,109156.72,2020-05-11
686,Justin Garcia,carol43@williams-williams.com,HR,Training Specialist,74449.16,2022-12-31
687,Michael Hernandez,iburton@mack-mccarty.com,Marketing,SEO Specialist,71710.48,2015-10-05
688,Nicole Trevino,awarren@gray.info,Sales,Account Manager,109886.1,2020-09-04
689,Alison Jackson,timothynichols@kennedy.com,IT,Data Scientist,70661.7,2023-06-21
690,Tyler Howard,taylor89@kaufman.com,Marketing,SEO Specialist,80448.86,2019-07-08
691,Anthony Cooper,zacharytaylor@hill.org,Marketing,Marketing Manager,63915.03,2024-09-13
692,Suzanne Harrison,jimmycarter@yahoo.com,Marketing,Marketing Manager,107497.65,2024-07-15
693,Brenda Owen,abutler@wilson.net,HR,HR Manager,58654.91,2022-07-11
694,Scott Ferguson,rebecca37@hotmail.com,Operations,Procurement Specialist,99037.04,2024-09-20
695,Nicole Crawford,ericmiller@hall.com,IT,Software Engineer,60193.24,2018-02-19
696,Jennifer Hutchinson,kray@gmail.com,Operations,Logistics Coordinator,54665.68,2018-10-01
697,Ann Mitchell,noahyoung@gmail.com,Operations,Operations Manager,94360.67,2021-11-17
698,Becky Ward,stephanie25@schaefer-davidson.com,HR,Recruiter,47881.27,2018-06-05
699,Karen Clark,mooretimothy@baldwin.com,IT,Data Scientist,105050.25,2021-10-12
700,Jeffrey Williams,brandi88@curtis.com,IT,Software Engineer,59318.57,2023-06-22
701,Charles Peterson,dennisreed@rose.com,IT,DevOps Engineer,91282.25,2020-04-18
702,Mr. Christopher Anderson,jackschmidt@hotmail.com,Operations,Procurement Specialist,111327.15,2020-10-07
703,Christine Graham,anthony04@williams.com,HR,HR Manager,51288.02,2022-01-21
704,Nicole Mccoy,hayestiffany@prince.com,Marketing,SEO Specialist,104821.09,2022-12-20
705,Gabriel Moreno,rgarza@sweeney-cole.net,Marketing,SEO Specialist,111534.95,2024-06-19
706,George Mclaughlin,kaylashort@taylor.com,IT,Software Engineer,93562.55,2025-03-02
707,Latasha Smith,gomezandrea@yahoo.com,Sales,Account Manager,112379.46,2016-11-20
708,Douglas Schneider,ifreeman@hotmail.com,HR,Training Specialist,63923.26,2023-01-08
709,Robert Trujillo,amanda78@yahoo.com,Operations,Operations Manager,117812.64,2020-06-14
710,Elizabeth Castaneda,stacysmith@hotmail.com,Sales,Business Development,113268.46,2021-01-01
711,Natalie Zhang,kimberlymurphy@gordon-patrick.com,IT,Software Engineer,81789.76,2015-10-27
712,Brooke Miller,mdowns@yahoo.com,HR,Training Specialist,110455.31,2024-06-12
713,Debra Lewis,wgriffith@smith.com,Marketing,Marketing Manager,104392.54,2015-08-10
714,Kylie Underwood,shawleslie@gmail.com,Marketing,SEO Specialist,41691.93,2021-09-18
715,Elizabeth Mccormick,palmerjoe@clark-russo.biz,Sales,Account Manager,98214.43,2016-11-17
716,Ariana Richardson,kathy16@white.org,HR,HR Manager,53308.52,2015-10-26
717,Miguel Garrett,lewisjohn@brennan.com,IT,DevOps Engineer,76225.65,2022-12-07
718,Dr. John Wright MD,jaredscott@orozco.com,Sales,Business Development,64933.41,2020-07-28
719,Richard Riley,mnorton@yahoo.com,Operations,Operations Manager,89604.84,2021-02-22
720,Barbara Bishop,benjamin55@martin-griffin.com,HR,HR Manager,97416.36,2020-05-30
721,Jeremy Rodriguez,mwall@lane-rose.biz,Finance,Auditor,57737.77,2021-07-06
722,Robert Rosario,gsmith@gmail.com,IT,Software Engineer,117800.32,2018-04-01
723,Jose Fitzgerald,brendabennett@yahoo.com,Sales,Sales Executive,44510.06,2016-07-29
724,Jessica Smith,nicole65@delacruz.com,IT,Data Scientist,102220.45,2016-08-22
725,John Gibson,terrellkeith@hotmail.com,Finance,Accountant,102311.8,2021-10-27
726,Jay Thomas,kimberly80@wang.biz,Operations,Operations Manager,57480.42,2020-03-15
727,David Smith DVM,roberto33@fuentes.com,Sales,Business Development,49751.98,2024-12-16
728,Lindsay Lucas,richardmcneil@yahoo.com,HR,Recruiter,94266.98,2023-11-30
729,Christopher Brown,donna80@hotmail.com,IT,DevOps Engineer,49826.18,2018-06-15
730,Nancy Johnson,ericlara@hotmail.com,Finance,Accountant,100441.49,2017-12-08
731,Jill Ross,laura62@gmail.com,Sales,Account Manager,106110.25,2020-05-28
732,John King,richardsonapril@gmail.com,Sales,Business Development,82603.74,2024-01-11
733,Alan Moore,william67@gmail.com,Marketing,SEO Specialist,52686.23,2016-02-23
734,Gabriela Williams,emily46@campos.com,Sales,Sales Executive,103745.44,2021-02-08
735,Daniel Taylor,robertrichardson@harris-martin.biz,HR,Training Specialist,116307.48,2018-05-16
736,Sarah Holmes,mary49@bell-brown.org,Marketing,Content Strategist,75205.64,2023-04-25
737,Christine Hogan,emcclure@gmail.com,Finance,Accountant,51031.75,2021-07-04
738,Charles Macdonald,jenniferhanson@hotmail.com,Marketing,Content Strategist,73367.96,2024-05-17
739,Jesse Brown,heidiherring@ross.com,Operations,Operations Manager,105120.41,2018-01-19
740,Keith Simmons,joanna21@gmail.com,Operations,Procurement Specialist,50985.27,2017-06-12
741,Rachel Orr,collinskyle@cox.com,Finance,Auditor,93527.47,2023-06-07
742,Brandon Alexander,ilee@gmail.com,HR,Recruiter,88613.22,2023-03-01
743,Andrew Allen,zharris@gmail.com,Sales,Sales Executive,49731.48,2024-07-18
744,Sandy Reynolds,martinmartinez@yahoo.com,Marketing,SEO Specialist,104930.91,2019-07-12
745,William Turner,perkinsmichelle@johnson.com,Sales,Business Development,80908.74,2023-07-18
746,Taylor Martin,xmartin@yahoo.com,IT,Data Scientist,114358.62,2018-07-05
747,Scott Lane,rtaylor@porter.org,Marketing,Marketing Manager,110861.74,2023-03-30
748,Richard Rivera,richardsonnicholas@jordan.com,Finance,Auditor,61936.57,2020-11-03
749,Jacob Soto,sarahlopez@hotmail.com,HR,Training Specialist,40830.78,2022-12-23
750,Sarah Cross,julie04@yahoo.com,Operations,Operations Manager,64271.81,2023-11-07
751,Leah Young,mackenzie99@campbell-scott.com,Sales,Business Development,89334.17,2021-02-26
752,Jeremy Robinson,ryan63@pena.com,IT,Software Engineer,104333.46,2015-07-13
753,Tonya Mendoza,kanderson@burgess-harrington.net,HR,Training Specialist,68186.93,2023-08-09
754,Keith Williamson,stevenmitchell@jackson.net,Operations,Logistics Coordinator,76178.05,2024-08-17
755,Thomas Chavez,shancock@gmail.com,Finance,Auditor,75430.65,2019-03-05
756,Jody Lee,ericasmith@gmail.com,HR,Training Specialist,112888.94,2021-09-03
757,Kristen Sullivan,wromero@hotmail.com,Operations,Logistics Coordinator,67183.38,2022-03-08
758,Christopher Johnson,jenningswilliam@gmail.com,Sales,Sales Executive,72720.28,2019-12-12
759,Gordon Schaefer,cwilliams@hotmail.com,Finance,Accountant,86232.44,2019-07-31
760,Nicole Weaver,phillip31@mason.com,HR,HR Manager,46588.41,2021-10-14
761,Kathryn Jennings,vincent78@miller.net,Operations,Logistics Coordinator,61483.89,2020-11-13
762,Benjamin Perez,herrerabianca@gmail.com,Marketing,SEO Specialist,118140.15,2016-07-19
763,Denise Fisher PhD,smithalexis@white.com,IT,DevOps Engineer,91097.33,2024-07-11
764,Michele Medina,qsampson@gmail.com,Sales,Sales Executive,54928.89,2020-02-21
765,Brian Schultz,brett48@jennings.com,HR,Recruiter,59451.89,2016-04-28
766,Patricia Burton,markgallegos@white.com,IT,Software Engineer,93635.52,2015-12-12
767,Ashlee Sanders,alexisnovak@gmail.com,Sales,Business Development,60549.15,2023-04-15
768,Brian Jackson,watkinsmelissa@hotmail.com,HR,Training Specialist,90704.01,2015-09-08
769,Christian Torres,carolynbeard@gmail.com,IT,DevOps Engineer,52041.9,2022-08-04
770,Connie Chandler,christinasandoval@gomez.org,Sales,Account Manager,58071.06,2024-06-10
771,Monica Smith,fwillis@yahoo.com,HR,HR Manager,45351.11,2020-08-10
772,Brian Conway,janet65@johnson.biz,Finance,Accountant,62319.38,2021-12-06
773,Anthony Dominguez,morganwalter@arroyo.com,Sales,Business Development,48793.56,2018-02-11
774,Mr. Russell Barker,katherineking@hotmail.com,Sales,Business Development,103199.27,2016-08-31
775,Gary Cantrell,megan26@cox.biz,Sales,Account Manager,48117.29,2018-03-23
776,William Moreno,rodriguezwilliam@gmail.com,Sales,Business Development,65108.48,2024-05-16
777,Linda Davis,jennifer24@lozano.com,IT,DevOps Engineer,68758.72,2016-11-20
778,Susan Blackwell,bfisher@wilson.com,Sales,Business Development,75075.35,2017-10-30
779,Lisa Howard,brandy46@aguirre-harmon.org,IT,DevOps Engineer,79472.1,2020-06-05
780,Kelly Gonzales,ehernandez@forbes.info,HR,Training Specialist,113171.3,2017-05-16
781,Jody Willis,hwilkerson@yahoo.com,Sales,Account Manager,110796.28,2024-12-05
782,Monica Robinson,steven19@gmail.com,Marketing,Marketing Manager,119016.02,2019-08-22
783,Melissa Ortiz,christopher43@cox-murillo.info,Sales,Account Manager,47427.63,2015-06-19
784,Mark Adams,joseph09@mcknight.biz,HR,Training Specialist,63248.72,2022-07-30
785,Willie Matthews,rebecca87@gmail.com,Marketing,Content Strategist,93889.1,2024-10-17
786,Andrew Green,williamdavis@gmail.com,Sales,Sales Executive,58428.0,2015-09-08
787,Brian Chan,foconnor@roberts.com,Sales,Account Manager,92699.25,2022-11-01
788,William Burton,ithompson@davidson-jones.com,Finance,Auditor,56795.22,2024-11-03
789,Danielle Thomas,coffeytina@yahoo.com,HR,Training Specialist,71847.65,2022-10-16
790,Anthony Scott,ncopeland@yahoo.com,IT,DevOps Engineer,53661.13,2020-08-15
791,Mr. Ryan Reed,vickigonzalez@chandler-smith.com,IT,Software Engineer,117311.97,2019-07-23
792,Marissa Mccullough,julieholmes@hotmail.com,Finance,Auditor,117178.67,2025-02-13
793,Katherine Ruiz,ronald76@anderson.info,IT,Software Engineer,116309.05,2015-04-09
794,David Robinson,kimberlymorgan@mason-parker.com,Sales,Sales Executive,73577.15,2019-07-24
795,Shannon Bowen,ygriffin@wilson.biz,Marketing,SEO Specialist,61258.77,2018-10-13
796,Benjamin Santos,sarah72@hotmail.com,Finance,Auditor,71094.14,2024-08-05
797,Michael Olsen,kennethlawson@taylor-villegas.biz,Operations,Operations Manager,83320.35,2023-04-05
798,Dawn Schneider,wheelerelizabeth@yahoo.com,Finance,Financial Analyst,89186.86,2016-12-20
799,Amber Ford,charlesmarshall@beltran.com,Sales,Account Manager,79390.48,2017-05-11
800,Kayla Thompson,qhaas@yahoo.com,Sales,Account Manager,114590.23,2020-07-02
801,Aaron Mueller,cooketimothy@hubbard.com,IT,DevOps Engineer,100431.1,2020-01-04
802,Tanya Valenzuela,sanchezdennis@bell.org,Marketing,Content Strategist,53613.36,2024-06-10
803,Deborah Chen,joycewilson@gardner-guerrero.net,Sales,Account Manager,83593.67,2018-09-23
804,Thomas Roberson,christopher51@gmail.com,Finance,Accountant,78325.47,2023-09-27
805,Regina Marsh,iphillips@marquez-hansen.org,Operations,Operations Manager,44549.62,2015-10-13
806,Mckenzie Ferguson,william99@cervantes-adams.com,Finance,Financial Analyst,91028.18,2020-12-30
807,Autumn Wilson,smendez@yahoo.com,Marketing,Marketing Manager,108966.6,2021-10-28
808,Matthew Hill,robin38@gmail.com,Operations,Logistics Coordinator,50288.56,2020-02-06
809,Matthew Fox,leerandy@white.com,HR,HR Manager,64639.45,2016-06-10
810,Jillian Curtis,caguirre@hotmail.com,Marketing,SEO Specialist,57445.02,2016-04-16
811,Mr. Zachary Rodgers,justin20@nelson-gentry.com,Marketing,Content Strategist,78881.68,2022-11-04
812,Andrew Barnes,lisalucas@yahoo.com,Sales,Account Manager,72419.77,2024-12-26
813,Matthew Reyes,creed@taylor-erickson.com,Operations,Logistics Coordinator,113393.52,2018-01-26
814,Brenda Garcia,wmedina@cole.com,Sales,Account Manager,115847.3,2018-07-22
815,Jeremy Dawson Jr.,williamstyler@hotmail.com,Sales,Account Manager,46501.94,2017-08-01
816,Christopher Jones,lancesmith@yahoo.com,HR,Training Specialist,98017.12,2022-10-18
817,Stacey Spencer,thomas36@smith.com,Finance,Auditor,87328.53,2022-06-03
818,Holly Miller,johnthomas@richard.com,Finance,Accountant,40940.3,2024-05-04
819,Kimberly Bennett,ryancarter@clark-webb.com,Operations,Logistics Coordinator,61704.67,2016-12-10
820,Richard Kim,uortega@gmail.com,Finance,Financial Analyst,49859.85,2023-02-08
821,Melissa Baker,brooksmatthew@hotmail.com,IT,DevOps Engineer,53687.59,2019-06-08
822,Teresa Stokes,isabelcarson@hotmail.com,Finance,Auditor,41743.01,2022-04-01
823,Dawn Mccoy,nwilson@yahoo.com,Marketing,SEO Specialist,82906.02,2020-01-24
824,Melanie Johnson DDS,barbara63@hotmail.com,Finance,Auditor,113269.52,2020-04-10
825,Nathan King,wesleyhammond@buckley.org,Sales,Business Development,71168.87,2015-10-26
826,David Carney,curtisrebecca@yahoo.com,Finance,Accountant,101909.92,2021-12-27
827,Michele Stewart,samanthareese@todd.com,Sales,Sales Executive,76776.69,2020-04-09
828,William Smith,jonathan20@gmail.com,IT,Software Engineer,115314.57,2022-02-17
829,Molly Williams,justin48@hotmail.com,HR,Recruiter,62313.13,2021-10-03
830,Jimmy Collins,caitlinmiranda@edwards.com,IT,Software Engineer,100724.84,2019-01-02
831,Joseph Huerta,brandicarter@mckee.com,Marketing,Content Strategist,55803.05,2017-10-20
832,Brooke Lang,jodom@johnson-tucker.com,Finance,Accountant,63167.52,2022-10-08
833,Melissa Barnes,brownbarbara@rodgers.com,Operations,Operations Manager,53061.81,2015-12-14
834,Andrew Lopez,laura80@gonzalez.biz,Marketing,Content Strategist,111205.58,2022-01-06
835,Casey Flynn,taylorcooper@harris.org,Marketing,Marketing Manager,70370.53,2018-12-22
836,Jason Henderson,jjohnson@johnson.com,HR,HR Manager,94797.8,2020-07-20
837,Christian Crawford,peter83@smith-long.com,Operations,Operations Manager,74537.67,2019-02-14
838,Alexandra Gilbert,brandy97@yahoo.com,Marketing,Marketing Manager,76066.74,2018-12-10
839,Roy Roberts,ashley57@gmail.com,Sales,Account Manager,99979.69,2017-12-29
840,Jeremiah Wilson,marilyn87@dillon-merritt.org,HR,Training Specialist,49135.55,2022-05-13
841,Steven Hernandez,paul55@camacho-copeland.com,IT,Software Engineer,119901.44,2018-05-04
842,Timothy Meyers,robinsonsusan@gardner.org,Finance,Financial Analyst,65495.8,2021-09-28
843,Donna Mason,brian52@gmail.com,Marketing,Content Strategist,108280.07,2023-07-08
844,Lori Johnson,travis65@hotmail.com,IT,Software Engineer,91360.31,2018-08-23
845,Jennifer James,jessicarogers@larson.com,Operations,Operations Manager,111555.22,2020-11-02
846,Michael Cunningham,george22@gmail.com,Marketing,SEO Specialist,79526.55,2016-01-08
847,Molly Diaz,adkinssamuel@brown-carter.com,Operations,Logistics Coordinator,46330.41,2019-06-03
848,Joyce Russell,ahunt@smith.com,Operations,Operations Manager,80023.06,2015-11-02
849,Catherine Jordan,jenniferwalker@gmail.com,IT,Data Scientist,73436.65,2015-07-12
850,Carla Bowen,archerlauren@thomas.info,HR,Training Specialist,50339.71,2023-06-08
851,Gloria Stanley,jjennings@wells.com,Operations,Operations Manager,82251.28,2020-07-15
852,Amy Sherman,fosternicholas@hotmail.com,Marketing,SEO Specialist,95632.82,2018-04-19
853,Wesley Walter,hrusso@davis-griffith.com,Marketing,SEO Specialist,45037.27,2023-06-19
854,Debra Bray,harrisonbrittany@morris.com,HR,Recruiter,67700.19,2016-02-02
855,Maurice Black,davisteresa@hotmail.com,Operations,Procurement Specialist,100800.05,2017-06-07
856,Justin Bradley,audrey26@yahoo.com,Finance,Auditor,102534.08,2018-02-06
857,Madison Collier,smithmark@young-little.net,Sales,Account Manager,62866.99,2015-07-01
858,Michelle Potter,rebeccawilliams@yahoo.com,Marketing,Content Strategist,58169.67,2016-08-23
859,Michael Ramirez,jonesryan@sherman.org,IT,Software Engineer,44394.57,2024-08-10
860,Kimberly Sharp,cjones@henry-jackson.net,Sales,Business Development,52349.43,2019-05-09
861,David Sharp,wardbrandon@yahoo.com,HR,Training Specialist,76049.98,2019-09-16
862,Erika Sanchez,whitekathryn@hotmail.com,Finance,Auditor,95842.66,2024-02-20
863,John Hart,travisgreen@hotmail.com,Finance,Financial Analyst,101194.29,2024-02-14
864,Eric Jones,walterhunt@lozano-adams.com,IT,DevOps Engineer,89390.59,2024-10-19
865,Michelle Henderson,annbradley@hotmail.com,Marketing,SEO Specialist,85010.41,2018-03-06
866,Anthony Baker,david96@gmail.com,Sales,Business Development,101611.63,2017-06-16
867,Chris Arnold,williamspaul@tran-huffman.org,Sales,Account Manager,72037.98,2022-08-27
868,Alexis Smith,holtchristopher@jenkins.net,Finance,Accountant,107088.38,2016-10-16
869,Mitchell Hansen,denise72@robertson.info,Marketing,Marketing Manager,107936.25,2023-10-22
870,Tonya Hamilton,vhunter@rogers.com,Sales,Account Manager,116627.09,2021-03-04
871,David Walker,john48@wilcox.info,HR,Recruiter,80203.98,2016-05-30
872,Monica Walsh,gonzaleschristopher@daniels-hammond.com,Finance,Auditor,61701.58,2016-12-12
873,Julie Martin,mitchelllittle@hotmail.com,Finance,Auditor,102096.42,2023-05-02
874,Terry Alvarez,osmith@hotmail.com,Operations,Operations Manager,41314.01,2015-11-18
875,Brian Lopez,chamberswilliam@morris.info,HR,HR Manager,113136.58,2017-07-17
876,John Walls,tiffany42@gmail.com,Finance,Accountant,66912.53,2024-01-22
877,Sean Gray,dunnjanet@gmail.com,Marketing,SEO Specialist,91490.28,2020-09-08
878,Jessica Garcia,alang@garza.com,HR,Training Specialist,106944.14,2024-03-25
879,Kenneth Smith,dale91@miller.org,Marketing,SEO Specialist,87873.83,2024-11-28
880,Christopher Li,qvelazquez@hotmail.com,IT,Software Engineer,78491.08,2019-06-04
881,Susan Miranda,michellearmstrong@patrick.info,IT,Data Scientist,88318.74,2024-04-18
882,Brandy Wu,lfry@hotmail.com,HR,Recruiter,70080.12,2024-02-18
883,Brandon Walker,gberg@silva-peck.org,Finance,Accountant,45895.16,2016-05-24
884,Eric Yates,sharon27@simmons-williams.com,Operations,Operations Manager,99787.36,2016-08-10
885,Diane Thomas,debrawright@hotmail.com,Finance,Accountant,59057.6,2022-10-20
886,Tyler Woods,tmolina@ramos.com,Finance,Auditor,67975.31,2019-04-05
887,Jacob Jordan,archerrobert@bernard.com,Operations,Logistics Coordinator,55365.34,2015-03-18
888,Kristopher Rodriguez,pooletaylor@owens-cross.com,HR,HR Manager,78363.2,2016-03-11
889,Anthony Tate,gillvincent@yahoo.com,HR,Recruiter,111729.03,2018-05-31
890,David Mccullough,lindsay32@gmail.com,Sales,Business Development,100531.7,2015-07-29
891,Mike Caldwell,chrislopez@gmail.com,Finance,Financial Analyst,90255.66,2018-06-04
892,Ruth Ward,gmartinez@hotmail.com,Sales,Account Manager,80845.2,2021-02-09
893,Jason Lester,shannon13@robinson-simpson.com,Operations,Logistics Coordinator,93283.81,2023-04-28
894,Kaylee Tucker,johnadams@parker.com,Finance,Financial Analyst,80771.5,2021-11-13
895,George Carter,petersonandrea@hogan-williams.com,Finance,Accountant,90495.09,2020-03-30
896,Janet Gallegos,stevensbrian@hotmail.com,IT,DevOps Engineer,48800.13,2016-07-15
897,Jason Shelton,gregory90@yahoo.com,Operations,Logistics Coordinator,72406.36,2023-04-12
898,Joseph Lawson,ericatrevino@hotmail.com,Marketing,SEO Specialist,42724.45,2019-01-26
899,Christopher Lopez,davidyork@burke.info,Operations,Procurement Specialist,117618.06,2018-11-18
900,Jesus Collins,bellis@douglas.com,IT,DevOps Engineer,107013.38,2016-02-25
901,Robert Duncan,alexisroth@bender.com,IT,Data Scientist,42609.61,2020-10-21
902,Mark Meyer,alove@gmail.com,Sales,Sales Executive,75033.98,2023-08-23
903,Jake Koch,arnoldlawrence@hughes-davies.info,Finance,Accountant,103546.61,2015-09-11
904,Michael Gallegos,donald13@gmail.com,IT,DevOps Engineer,51388.54,2024-05-12
905,Gary Norris,kcruz@gibson-lowe.biz,Marketing,Content Strategist,82878.72,2022-05-15
906,Lawrence Joseph,carrolljames@yahoo.com,Marketing,SEO Specialist,43882.64,2023-04-25
907,Kelly Kim,mcgeejohn@wilson.biz,Finance,Auditor,104506.96,2020-05-18
908,Julie Diaz,jacobclark@levy-thomas.info,Sales,Sales Executive,100315.3,2018-05-08
909,Michael Torres,amyochoa@gmail.com,Operations,Logistics Coordinator,90876.04,2015-12-10
910,David Douglas,troywagner@mason-mckay.biz,IT,Data Scientist,58334.12,2023-03-28
911,Erica Price,riverachristopher@kim.info,Finance,Accountant,112578.15,2022-08-11
912,Lisa Wilson,evanseric@delgado.net,IT,Data Scientist,69687.16,2022-12-16
913,Natasha Steele,lopezkimberly@yu.biz,HR,HR Manager,119509.03,2020-08-15
914,Joshua Robinson,xpatel@miller-thornton.com,Operations,Operations Manager,51725.28,2017-04-30
915,Michael Hunter,vwalker@gmail.com,Operations,Procurement Specialist,73463.04,2019-09-29
916,Amy Smith,harpermalik@hotmail.com,Operations,Operations Manager,49234.04,2016-05-17
917,Michael Richardson,hebertamanda@yahoo.com,Operations,Procurement Specialist,67232.31,2016-11-06
918,Travis Ho,mike05@gmail.com,Finance,Financial Analyst,82984.01,2015-05-31
919,Sandra Diaz,dodsondouglas@woods.info,Operations,Procurement Specialist,64616.17,2015-08-22
920,Regina Johnston,victoriarodgers@gmail.com,Marketing,Content Strategist,90304.14,2018-06-11
921,Jason Hill,thomasmorris@banks.net,HR,Recruiter,102576.41,2018-11-25
922,Kimberly Hammond,ehicks@jackson-dominguez.info,HR,HR Manager,103552.29,2020-11-13
923,Jennifer Kelly,iharris@berry-lawrence.com,Marketing,Content Strategist,74394.77,2021-01-03
924,Susan Chandler,bill48@yahoo.com,HR,Training Specialist,109884.25,2022-05-17
925,Sean Peterson,gbailey@gmail.com,HR,HR Manager,105766.66,2019-07-13
926,Derek Richardson,richardmiller@gmail.com,HR,HR Manager,47753.67,2019-02-19
927,John Davis,jenniferbrewer@ruiz.biz,IT,Software Engineer,80378.25,2023-08-30
928,Nicole Soto,silvaanne@soto.com,Marketing,Marketing Manager,87246.79,2019-05-25
929,William Lawrence,jamesvillanueva@arnold-sexton.com,HR,Training Specialist,119124.58,2016-10-10
930,Alicia Taylor,nelsonmark@gmail.com,Marketing,Marketing Manager,117493.27,2016-12-17
931,Zachary Henson,ericaacosta@matthews-robinson.com,Sales,Business Development,90226.36,2018-11-27
932,Amanda Schultz,vjacobs@hotmail.com,IT,Data Scientist,40189.71,2021-05-14
933,Larry Ortiz,xsaunders@garrison.org,HR,HR Manager,79589.26,2024-12-21
934,Jesus Robertson,melaniegarcia@simpson.com,HR,Training Specialist,93355.64,2015-08-10
935,Emily Cline,ajacobson@gmail.com,HR,Recruiter,81519.06,2022-12-16
936,Sarah Harmon,mary91@gmail.com,IT,Software Engineer,109204.45,2022-03-27
937,Nancy Bell,donald38@hotmail.com,Marketing,SEO Specialist,86485.78,2021-07-30
938,Shane Goodman,stevenduarte@garcia-mitchell.net,IT,Data Scientist,81317.91,2022-06-13
939,Robert Davis,charleskelly@reynolds.com,Finance,Financial Analyst,87455.2,2015-11-02
940,Audrey Thomas,martinjesse@fernandez-reynolds.com,Finance,Accountant,54148.53,2022-07-14
941,Gary Smith,fmontoya@joyce.com,IT,DevOps Engineer,62211.25,2021-03-05
942,Brandi Garcia,richard53@cunningham.com,Finance,Financial Analyst,116491.91,2016-08-13
943,Timothy Jones,kimberlyvaughan@vargas-reed.com,IT,Data Scientist,49434.17,2016-02-10
944,Patricia Smith,williamsdonna@smith-phillips.com,IT,Data Scientist,73019.5,2024-12-06
945,Danielle Donovan,josephriley@yahoo.com,Finance,Financial Analyst,45013.01,2019-06-28
946,Matthew Peters,aadkins@yahoo.com,Finance,Financial Analyst,44274.9,2022-07-18
947,Todd Dickerson,alecmcdonald@porter.org,HR,Training Specialist,56458.76,2024-06-06
948,Tamara Sweeney,ashleybecker@hunt-grant.com,Marketing,SEO Specialist,54149.17,2020-02-20
949,Gerald Bryant,kaylamcdonald@gmail.com,Sales,Sales Executive,109476.57,2016-04-22
950,Jamie Edwards,adelgado@gmail.com,IT,DevOps Engineer,48406.47,2015-12-15
951,Jared Mccarthy,rivasemily@hotmail.com,Marketing,Marketing Manager,96333.38,2018-09-19
952,John Thompson,hreeves@yahoo.com,Operations,Operations Manager,66414.44,2022-09-20
953,Christopher Hernandez,quinndawn@yahoo.com,IT,Software Engineer,92181.29,2024-03-20
954,Janet Gonzalez,iadams@hotmail.com,Finance,Financial Analyst,119053.57,2017-08-15
955,Tiffany Wilson,robert65@jones.com,Marketing,Content Strategist,65280.25,2020-11-06
956,Christine Keller,kanejudy@grimes.com,Finance,Financial Analyst,101236.4,2017-09-06
957,Anthony Graham,corey59@coleman-jones.net,Operations,Logistics Coordinator,113431.32,2020-11-17
958,Alisha Hahn,yjordan@cox-elliott.com,Finance,Accountant,103415.29,2021-09-22
959,Brian Thompson,carriedavis@schmitt-thompson.info,HR,Recruiter,51460.54,2020-05-13
960,William Smith,jeromeboyd@brown.com,HR,Training Specialist,87278.11,2015-07-31
961,Melissa Jones,whitekaitlyn@yahoo.com,Marketing,Content Strategist,105478.06,2023-04-15
962,Kevin Newton,gillespiegregory@yahoo.com,IT,DevOps Engineer,69133.41,2016-01-25
963,Jennifer Wilson,ojones@yahoo.com,IT,Data Scientist,48972.95,2022-07-22
964,Phyllis Li,arielbecker@hall-davis.biz,Operations,Procurement Specialist,119709.73,2024-09-29
965,Kent Watts,kylie21@alvarez-campbell.com,Operations,Procurement Specialist,116177.28,2023-09-11
966,Michelle Hamilton,whitelinda@parker.com,IT,Software Engineer,104187.33,2018-12-26
967,Heather Fuller,adam97@french.info,Operations,Logistics Coordinator,42152.43,2022-01-27
968,Elizabeth Hansen,fitzgeraldvictor@gmail.com,Operations,Operations Manager,48543.04,2023-05-18
969,Samantha Adams,yolanda26@gmail.com,Marketing,Marketing Manager,42003.82,2017-06-23
970,Todd Hahn,kevin95@yahoo.com,Marketing,Content Strategist,81531.57,2020-12-03
971,Christopher Patterson,johnsonjeffrey@griffith.com,Operations,Logistics Coordinator,51227.41,2023-09-14
972,Dustin Clark,jesus65@hotmail.com,IT,DevOps Engineer,114730.96,2017-12-09
973,Lisa Gibson,sherrera@yahoo.com,IT,Software Engineer,54637.36,2021-10-24
974,Jessica Holland,vglass@yahoo.com,IT,Software Engineer,45570.62,2019-07-10
975,Mario Williams,robertsemily@trujillo.info,Sales,Sales Executive,40116.94,2016-11-04
976,Tyler Gallagher,aaron60@matthews.com,IT,DevOps Engineer,45396.35,2022-11-25
977,Melanie Allen,alyssa05@yahoo.com,IT,DevOps Engineer,105402.72,2024-12-20
978,Laurie Moore,justinkelly@gmail.com,Operations,Operations Manager,91855.79,2025-02-05
979,Denise Travis,ygonzales@gmail.com,IT,DevOps Engineer,62295.65,2020-01-15
980,Robert Rocha,christopherroberts@warner-shelton.com,Finance,Accountant,52605.22,2021-03-27
981,Victoria Strong,robinsonrobert@delgado.org,Operations,Operations Manager,93363.41,2020-08-28
982,Luis Smith,fbell@gmail.com,Finance,Financial Analyst,70819.12,2016-09-30
983,Christopher Lindsey,jcunningham@gmail.com,IT,Software Engineer,91817.98,2023-03-04
984,Nicholas Graham,wparks@dorsey.biz,Operations,Procurement Specialist,40159.23,2024-08-26
985,Robert Miller,clarkashley@bruce.com,Finance,Accountant,44678.76,2016-05-29
986,Rodney Nguyen,douglas92@hotmail.com,IT,Software Engineer,53840.53,2021-12-17
987,Lorraine Hart,ftaylor@daniels.net,HR,Training Specialist,80605.76,2018-11-13
988,Andrea Lara,bergermichael@yahoo.com,Marketing,Marketing Manager,63084.54,2020-12-02
989,Mary Obrien,sean41@castro.com,Sales,Account Manager,52238.63,2019-01-17
990,Andrew Shields,joneselaine@hotmail.com,Sales,Account Manager,81577.46,2018-10-30
991,Darren Wilson,julie12@mcclain.biz,Sales,Account Manager,76637.34,2017-03-11
992,Evan Wilson,smithjason@hotmail.com,Sales,Account Manager,116975.1,2023-10-05
993,Robert Bullock,brandon22@santana.com,Finance,Auditor,43754.94,2024-01-24
994,Patricia Cook,mallory22@gmail.com,Marketing,Content Strategist,87846.92,2023-04-18
995,Janet Dominguez,allengarcia@meyers-rogers.com,Finance,Auditor,65288.18,2016-07-13
996,Michael Costa,lewisdrew@woods.com,IT,Data Scientist,46815.65,2018-11-05
997,Mason Anderson,lopezsherry@oconnor-riley.biz,HR,HR Manager,115118.84,2016-07-06
998,Sean Wilson,frostsheena@davis.biz,HR,HR Manager,78141.59,2015-11-05
999,Emily Davidson,jacobhale@hotmail.com,Finance,Accountant,82670.65,2016-07-23
1000,Dennis Davidson,jacale@hotmail.com,IT,Data Scientist,81672.94,2020-02-05
